name,fqdn,guest
VFSMDC04.FSM.NORTHWESTERN.EDU,VFSMDC04.FSM.NORTHWESTERN.EDU,MICROSOFT WINDOWS SERVER 2012 (64-BIT)
CHSTAFFFS02.LIBRARY.NORTHWESTERN.EDU,CHSTAFFFS02.LIBRARY.NORTHWESTERN.EDU,MICROSOFT WINDOWS SERVER 2016 OR LATER (64-BIT)
CHSTAFFFS01-S.ADLIBRARY.NORTHWESTERN.EDU,CHSTAFFFS01-S.ADLIBRARY.NORTHWESTERN.EDU,MICROSOFT WINDOWS SERVER 2016 OR LATER (64-BIT)
CHDC01-S.ADLIBRARY.NORTHWESTERN.EDU,CHDC01-S.ADLIBRARY.NORTHWESTERN.EDU,MICROSOFT WINDOWS SERVER 2016 OR LATER (64-BIT)
VFSMCDSIAPPS01.FSM.NORTHWESTERN.EDU_REPLICA,,RED HAT ENTERPRISE LINUX 7 (64-BIT)
VFSMSTDB01N2.FSM.NORTHWESTERN.EDU,VFSMSTDB01N2.FSM.NORTHWESTERN.EDU,RED HAT ENTERPRISE LINUX 7 (64-BIT)
MSTORK-CH.ADLIBRARY.NORTHWESTERN.EDU,MSTORK-CH.ADLIBRARY.NORTHWESTERN.EDU,MICROSOFT WINDOWS SERVER 2016 OR LATER (64-BIT)
VTFSMCDSIDB01N2.FSM.NORTHWESTERN.EDU,,
MSTORK-CH.LIBRARY.NORTHWESTERN.EDU,MSTORK-CH.LIBRARY.NORTHWESTERN.EDU,MICROSOFT WINDOWS SERVER 2016 OR LATER (64-BIT)
CHSTAFFFS02-S.ADLIBRARY.NORTHWESTERN.EDU,CHSTAFFFS02-S.ADLIBRARY.NORTHWESTERN.EDU,MICROSOFT WINDOWS SERVER 2016 OR LATER (64-BIT)
VFSMWEB02.FSM.NORTHWESTERN.EDU,VFSMWEB02.FSM.NORTHWESTERN.EDU,MICROSOFT WINDOWS SERVER 2016 OR LATER (64-BIT)
VTFSMWEB02.FSM.NORTHWESTERN.EDU,VTFSMWEB02.FSM.NORTHWESTERN.EDU,MICROSOFT WINDOWS SERVER 2016 OR LATER (64-BIT)
CHSTAFFFS01.LIBRARY.NORTHWESTERN.EDU,CHSTAFFFS01.LIBRARY.NORTHWESTERN.EDU,MICROSOFT WINDOWS SERVER 2016 OR LATER (64-BIT)
GFA2.LIBRARY.NORTHWESTERN.EDU,GFA2.LIBRARY.NORTHWESTERN.EDU,RED HAT ENTERPRISE LINUX 7 (64-BIT)
VTFSMSTDB01N2.FSM.NORTHWESTERN.EDU,VTFSMSTDB01N2.FSM.NORTHWESTERN.EDU,RED HAT ENTERPRISE LINUX 7 (64-BIT)
CHDC01.LIBRARY.NORTHWESTERN.EDU,CHDC01.LIBRARY.NORTHWESTERN.EDU,MICROSOFT WINDOWS SERVER 2016 OR LATER (64-BIT)
CS-POC-WINXP-1,,
SAF-WS16DDBVMC,,
OPENMANAGE,,
WINDOWS SERVER 2008 R2 ENTERPRISE CLEAN,WIN2K8R2ENTCLEAN,
ISSC-SCAN,ISSC-SCAN,MICROSOFT WINDOWS SERVER 2012 (64-BIT)
PCEDEVTEST1,,
W08R2S_VNUINVESTAXY,VNUINVESTAXY.IVM.NORTHWESTERN.EDU,
PCEDEVDC,,
DEV.LEGACY.DOCKER.WCAS.NORTHWESTERN.EDU,DEV.LEGACY.DOCKER.WCAS.NORTHWESTERN.EDU,
WINDOWS SERVER 2016 STANDARD CLEAN,,
SAF-WS16DDBVMB,WIN-C64JEO0A7OK,MICROSOFT WINDOWS SERVER 2016 OR LATER (64-BIT)
LAW-EQTRAC,LAW-EQTRAC.LAW.NORTHWESTERN.EDU,MICROSOFT WINDOWS SERVER 2012 (64-BIT)
WINDOWS SERVER 2019 STANDARD CLEAN,,
W2016_VNUINVESTWILS,,MICROSOFT WINDOWS SERVER 2016 OR LATER (64-BIT)
MTR932-DEV,MTR932-DEV.RCS.NORTHWESTERN.EDU,RED HAT ENTERPRISE LINUX 7 (64-BIT)
TESTVM,,
PROSIGHT HEAD NODE_REPLICA,,RED HAT ENTERPRISE LINUX 5 (64-BIT)
OPENFILER_REPLICA,,DEBIAN GNU/LINUX 5 (64-BIT)
RHEL8 TEMPLATE,RHEL8TEMPLATE.WCAS.NORTHWESTERN.EDU,
LIBJBPM1S.LIBRARY.NORTHWESTERN.EDU (74E3E80F-FD23-42D1-9887-058583DDAF51),,RED HAT ENTERPRISE LINUX 6 (64-BIT)
WP-PRD.LIBRARY.NORTHWESTERN.EDU (7EB4DEDA-C34B-4B86-8C74-CC7221C5C2AB),WP-PRD.LIBRARY.NORTHWESTERN.EDU,RED HAT ENTERPRISE LINUX 6 (64-BIT)
SAF-RHEL76BVMB,SAF-RHEL76BVMB.DOSA.NORTHWESTERN.EDU,
NU CLOUD APPS (60AA0595-CE79-4684-A1EE-8E2F2490E2A5),HOSTING,UBUNTU LINUX (64-BIT)
TEST LINUX,TESTLINUX.KELLEHER,CENTOS 4/5 OR LATER (64-BIT)
WIN2019 TEMPLATE,WIN-U1V2VPS7F8J,
RHEL7 TEMPLATE VM,RHE7TEMPLATE.WCAS.NORTHWESTERN.EDU,
TWESTING,TWESTING.LIBRARY.NORTHWESTERN.EDU,RED HAT ENTERPRISE LINUX 6 (64-BIT)
PERFTEST,,
TEMPLATE_TEST,WIN-C68QUGP2BL8,MICROSOFT WINDOWS SERVER 2012 (64-BIT)
NRTDP TRAINING TEMPLATE,TRAININGTEMPLATE,MICROSOFT WINDOWS SERVER 2012 (64-BIT)
COURSE-ADMIN (2BEF2F13-7513-40CA-8CE6-783BB5195509),COURSE-ADMIN,UBUNTU LINUX (64-BIT)
MYPRACTICUM (6A4CEAA3-DE76-47EB-B234-EAE5D47BF717),MYPRACTICUM,UBUNTU LINUX (64-BIT)
VS2013,VS2013,MICROSOFT WINDOWS 10 (64-BIT)
RISAPPDEV-NUC,,
LAW-WEBPROD_REPLICA,,
TESTCLONE,,
KRG-SVN_REPLICA,,RED HAT ENTERPRISE LINUX 5 (64-BIT)
SMACKY3,SMACKY3.KELLEHER.NORTHWESTERN.EDU,MICROSOFT WINDOWS SERVER 2016 OR LATER (64-BIT)
DBDEV8,WIT-DBDEV8,
EVPUBRMTDB01.LIBRARY.NORTHWESTERN.EDU,EVPUBRMTDB01.LIBRARY.NORTHWESTERN.EDU,
MAS18DB1.TECH.NORTHWESTERN.EDU,MAS18DB1,UBUNTU LINUX (64-BIT)
W2016_VNUINVESTDC,,
PUPPETDB.LIBRARY.NORTHWESTERN.EDU (9DC095DB-87E4-4E8E-9BDE-033F97A1AC26),PUPPETDB.LIBRARY.NORTHWESTERN.EDU,RED HAT ENTERPRISE LINUX 6 (64-BIT)
SOCWSUSINFRA,SOCWSUSINFRA.SOC.NORTHWESTERN.EDU,MICROSOFT WINDOWS SERVER 2016 OR LATER (64-BIT)
EVDC01-S.ADLIBRARY.NORTHWESTERN.EDU,EVDC01-S.ADLIBRARY.NORTHWESTERN.EDU,MICROSOFT WINDOWS SERVER 2016 OR LATER (64-BIT)
GIMLI.LIBRARY.NORTHWESTERN.EDU,GIMLI.LIBRARY.NORTHWESTERN.EDU,MICROSOFT WINDOWS SERVER 2016 OR LATER (64-BIT)
W2016_VNUINVESTSYNC,VNUINVESTSYNC.IVM.NORTHWESTERN.EDU,
W2016_VNUINVESTDCO,VNUINVESTDCO.IVM.NORTHWESTERN.EDU,
EVDC01.LIBRARY.NORTHWESTERN.EDU,EVDC01.LIBRARY.NORTHWESTERN.EDU,MICROSOFT WINDOWS SERVER 2016 OR LATER (64-BIT)
SOCUGRADFMP,SOCUGRADFMP.SOC.NORTHWESTERN.EDU,MICROSOFT WINDOWS SERVER 2016 OR LATER (64-BIT)
RISWEBPROD2,RISWEBPROD2.ORAD.NORTHWESTERN.EDU,MICROSOFT WINDOWS SERVER 2012 (64-BIT)
ARDK2000,DEPLOY.OARD.NORTHWESTERN.EDU,FREEBSD PRE-11 VERSIONS (64-BIT)
RISSABDAT,RISSABDAT.CI.NORTHWESTERN.EDU,MICROSOFT WINDOWS SERVER 2012 (64-BIT)
ONBASE WIN10,ONBASEWIN10.OARD.NORTHWESTERN.EDU,MICROSOFT WINDOWS 10 (64-BIT)
OTIS,OTIS,UBUNTU LINUX (64-BIT)
EVPUBRMTDB01-S.LIBRARY.NORTHWESTERN.EDU,EVPUBRMTDB01-S.LIBRARY.NORTHWESTERN.EDU,
LICENSE02.LIBRARY.NORTHWESTERN.EDU,LICENSE2.LIBRARY.NORTHWESTERN.EDU,MICROSOFT WINDOWS SERVER 2016 OR LATER (64-BIT)
SOCCLINICSRDSH5,SOCCLINICSRDSH5.SOC.NORTHWESTERN.EDU,MICROSOFT WINDOWS SERVER 2016 OR LATER (64-BIT)
SOCMILLENIUM,SOCMILLENIUM.SOC.NORTHWESTERN.EDU,MICROSOFT WINDOWS SERVER 2012 (64-BIT)
PITFALL (EE6AED91-2DCA-45A9-A2A4-87B31DEF8B67),PITFALL3.SESPAD.NORTHWESTERN.EDU,MICROSOFT WINDOWS SERVER 2016 OR LATER (64-BIT)
STORAGEGATEWAY,STORAGEGATEWAY2.WCAS.NORTHWESTERN.EDU,
POWELL.LIBRARY.NORTHWESTERN.EDU,POWELL.LIBRARY.NORTHWESTERN.EDU,MICROSOFT WINDOWS SERVER 2016 OR LATER (64-BIT)
CLOUD2,CLOUD2-MADS.MMLC.NORTHWESTERN.EDU,
DC1,,
NAISE.MCC-2012,NAISE.MCC.NORTHWESTERN.EDU,MICROSOFT WINDOWS SERVER 2012 (64-BIT)
MAINWP,MAINWP.SOC.NORTHWESTERN.EDU,RED HAT ENTERPRISE LINUX 7 (64-BIT)
LAW-SB,LAW-SB.LAW.NORTHWESTERN.EDU,MICROSOFT WINDOWS SERVER 2012 (64-BIT)
ZABBIX,ZABBIX,RED HAT ENTERPRISE LINUX 7 (64-BIT)
MICHIGAN.LIBRARY.NORTHWESTERN.EDU,MICHIGAN.LIBRARY.NORTHWESTERN.EDU,MICROSOFT WINDOWS SERVER 2008 R2 (64-BIT)
DAILY,DAILY.MEDILL.NORTHWESTERN.EDU,MICROSOFT WINDOWS SERVER 2012 (64-BIT)
TEST,,OTHER 3.X LINUX (64-BIT)
LAW-DEPTS,LAW-DEPTS.LAW.NORTHWESTERN.EDU,MICROSOFT WINDOWS SERVER 2016 OR LATER (64-BIT)
CS-POC-UBUNTU-1,CS-POC-UBUNTU,
MAIL.MCCORMICK-16.04,MAIL,UBUNTU LINUX (64-BIT)
PDOX,PDOX.CI.NORTHWESTERN.EDU,MICROSOFT WINDOWS SERVER 2008 R2 (64-BIT)
SUS.MCC-2016,SUS.MCC.NORTHWESTERN.EDU,MICROSOFT WINDOWS SERVER 2016 OR LATER (64-BIT)
BOOKWORM02.LIBRARY.NORTHWESTERN.EDU,BOOKWORM02.LIBRARY.NORTHWESTERN.EDU,MICROSOFT WINDOWS SERVER 2016 OR LATER (64-BIT)
SAF-PNCDB1B (6523E5E9-37F0-4DC1-8E1F-4DFDA333BF8D),SAF-PNCDB1B.ADS.NORTHWESTERN.EDU,MICROSOFT WINDOWS SERVER 2012 (64-BIT)
SAF-KPPALL1B,SAF-KPPALL1B.ADS.NORTHWESTERN.EDU,MICROSOFT WINDOWS SERVER 2016 OR LATER (64-BIT)
LAW-USERS,LAW-USERS.LAW.NORTHWESTERN.EDU,MICROSOFT WINDOWS SERVER 2016 OR LATER (64-BIT)
LAW-ATA,LAW-ATA.LAW.NORTHWESTERN.EDU,MICROSOFT WINDOWS SERVER 2012 (64-BIT)
FLOWJO,FLOWJO.KELLEHER.NORTHWESTERN.EDU,MICROSOFT WINDOWS SERVER 2016 OR LATER (64-BIT)
CURTIS-P.LIBRARY.NORTHWESTERN.EDU (78621FC1-B93D-4172-A0CA-02043C03D80C),CURTIS-P.LIBRARY.NORTHWESTERN.EDU,RED HAT ENTERPRISE LINUX 6 (64-BIT)
EVSTAFFFS03-S.ADLIBRARY.NORTHWESTERN.EDU,EVSTAFFFS03-S.ADLIBRARY.NORTHWESTERN.EDU,
ADS CONSOLE,RCSADS.ADS.NORTHWESTERN.EDU,MICROSOFT WINDOWS SERVER 2012 (64-BIT)
LAW-WSUS,LAW-WSUS.LAW.NORTHWESTERN.EDU,MICROSOFT WINDOWS SERVER 2012 (64-BIT)
DISCOLIB1-S.LIBRARY.NORTHWESTERN.EDU,DISCOLIB1-S,RED HAT ENTERPRISE LINUX 6 (64-BIT)
PRINT.MCC-2016,PRINT.MCC.NORTHWESTERN.EDU,MICROSOFT WINDOWS SERVER 2016 OR LATER (64-BIT)
SESPDC5 (FA9DDAE2-F60E-422A-AA17-F53230E57385),SESPDC5.SESPAD.NORTHWESTERN.EDU,MICROSOFT WINDOWS SERVER 2012 (64-BIT)
EV-LAWPRINT.LIBRARY.NORTHWESTERN.EDU,EV-LAWPRINT.LIBRARY.NORTHWESTERN.EDU,MICROSOFT WINDOWS SERVER 2012 (64-BIT)
SAF-PNCWEB1B (4C5F2DD8-F4D6-45C2-9ED4-91CA4E1EC4C4),SAF-PNCWEB1B.ADS.NORTHWESTERN.EDU,MICROSOFT WINDOWS SERVER 2012 (64-BIT)
FACULTY-PROD,FACULTY-PROD.WCAS.NORTHWESTERN.EDU,RED HAT ENTERPRISE LINUX 6 (64-BIT)
LAW-SWSTORE,LAW-SWSTORE.LAW.NORTHWESTERN.EDU,MICROSOFT WINDOWS SERVER 2016 OR LATER (64-BIT)
DOCKER,DOCKER.WCAS.NORTHWESTERN.EDU,RED HAT ENTERPRISE LINUX 7 (64-BIT)
MUSK18.TECH.NORTHWESTERN.EDU,MUSK18,UBUNTU LINUX (64-BIT)
SAF-PCTPS1A,SAF-PCTPS1A.ADS.NORTHWESTERN.EDU,MICROSOFT WINDOWS SERVER 2016 OR LATER (64-BIT)
FS3.AD.WCAS.NORTHWESTERN.EDU,FS3.AD.WCAS.NORTHWESTERN.EDU,
FTP-PRD.LIBRARY.NORTHWESTERN (D5F8C37D-0E2F-486A-912E-7CD8E6C21707),FTP-PRD.LIBRARY.NORTHWESTERN.EDU,RED HAT ENTERPRISE LINUX 6 (64-BIT)
ARDSEP,ARDSEP.OARD.NORTHWESTERN.EDU,MICROSOFT WINDOWS SERVER 2012 (64-BIT)
LAW-STUPRINT,LAW-STUPRINT.LAW.NORTHWESTERN.EDU,MICROSOFT WINDOWS SERVER 2012 (64-BIT)
REDMINEPCE,,RED HAT ENTERPRISE LINUX 7 (64-BIT)
TILT (62D321E6-D653-4ED5-B078-D4246D98D922),TILT,UBUNTU LINUX (64-BIT)
REDMINE2,REDMINE2.KELLEHER.NORTHWESTERN.EDU,RED HAT ENTERPRISE LINUX 7 (64-BIT)
LAW-MBAM,LAW-MBAM.LAW.NORTHWESTERN.EDU,MICROSOFT WINDOWS SERVER 2012 (64-BIT)
REDIRECTHOST,REDIRECTHOST.WCAS.NORTHWESTERN.EDU,
EVWEBREDIRECT01.LIBRARY.NORTHWESTERN.EDU,EVWEBREDIRECT01.LIBRARY.NORTHWESTERN.EDU,
RISWFDAT,RISWFDAT-NUC.ORAD.NORTHWESTERN.EDU,MICROSOFT WINDOWS SERVER 2012 (64-BIT)
WEBAPPS7-TEST,WEBAPPS7-TEST.WEINBERG.NORTHWESTERN.EDU,RED HAT ENTERPRISE LINUX 6 (64-BIT)
LAW-RICOH-HS,LAW-RICOH-HS.LAW.NORTHWESTERN.EDU,MICROSOFT WINDOWS SERVER 2012 (64-BIT)
WPHOST,WPHOST,RED HAT ENTERPRISE LINUX 7 (64-BIT)
PASCAL.TECH.NORTHWESTERN.EDU,PASCAL,UBUNTU LINUX (64-BIT)
CANTALOUPE,CANTALOUPE.MADSTUDIO.NORTHWESTERN.EDU,
SAF-ACSALL1B,SAF-ACSALL1B.ADS.NORTHWESTERN.EDU,MICROSOFT WINDOWS SERVER 2016 OR LATER (64-BIT)
RHO.MCC-2012,RHO.MCC.NORTHWESTERN.EDU,MICROSOFT WINDOWS SERVER 2012 (64-BIT)
LAW-MJC,LAW-MJC.LAW.NORTHWESTERN.EDU,MICROSOFT WINDOWS SERVER 2016 OR LATER (64-BIT)
SAF-RMSDB1B,SAF-RMSDB1B.ADS.NORTHWESTERN.EDU,MICROSOFT WINDOWS SERVER 2012 (64-BIT)
WEBAPPS7-DEV,WEBAPPS7-DEV.WEINBERG.NORTHWESTERN.EDU,RED HAT ENTERPRISE LINUX 6 (64-BIT)
DISCOWEB1-S.LIBRARY.NORTHWESTERN.EDU,DISCOWEB1-S,RED HAT ENTERPRISE LINUX 6 (64-BIT)
BABS.LIBRARY.NORTHWESTERN.EDU,BABS.LIBRARY.NORTHWESTERN.EDU,MICROSOFT WINDOWS SERVER 2016 OR LATER (64-BIT)
SAF-TSALL1BT,SAF-TSALL1BT.ADS.NORTHWESTERN.EDU,MICROSOFT WINDOWS SERVER 2016 OR LATER (64-BIT)
WEBAPPS7,WEBAPPS7.WEINBERG.NORTHWESTERN.EDU,RED HAT ENTERPRISE LINUX 6 (64-BIT)
BENDER.TECH.NORTHWESTERN.EDU,BENDER,UBUNTU LINUX (64-BIT)
PEAKS,PEAKS2.KELLEHER.NORTHWESTERN.EDU,MICROSOFT WINDOWS SERVER 2016 OR LATER (64-BIT)
DBTEST,WIT-DBTEST.WCAS.NORTHWESTERN.EDU,RED HAT ENTERPRISE LINUX 6 (64-BIT)
INSTRUMENT DNS,INSTRUMENT-DNS.KELLEHER.NORTHWESTERN.EDU,RED HAT ENTERPRISE LINUX 7 (64-BIT)
DBDEV,WIT-DBDEV.WCAS.NORTHWESTERN.EDU,
SAF-SCWWEB1B,SAF-SCWWEB1B.ADS.NORTHWESTERN.EDU,MICROSOFT WINDOWS SERVER 2012 (64-BIT)
HELPDESK,HELPDESK.SOC.NORTHWESTERN.EDU,RED HAT ENTERPRISE LINUX 7 (64-BIT)
RISWEBTEST12,RISWEBTEST-12.ORAD.NORTHWESTERN.EDU,MICROSOFT WINDOWS SERVER 2012 (64-BIT)
HOMER-D.LIBRARY.NORTHWESTERN.EDU,HOMER-D.LIBRARY.NORTHWESTERN.EDU,RED HAT ENTERPRISE LINUX 6 (64-BIT)
CONGAREE,CONGAREE.LAW.NORTHWESTERN.EDU,MICROSOFT WINDOWS SERVER 2003 STANDARD (32-BIT)
WPHOST-BV,WPHOST-BV,RED HAT ENTERPRISE LINUX 7 (64-BIT)
WORDHOARD-P.LIBRARY.NORTHWESTERN.EDU (12FF0ED7-078F-4CBF-89FD-4120A9B8F774),WORDHOARD-P,RED HAT ENTERPRISE LINUX 6 (64-BIT)
EV-WEBPRINT07.LIBRARY.NORTHWESTERN.EDU,EV-WEBPRINT07.LIBRARY.NORTHWESTERN.EDU,MICROSOFT WINDOWS SERVER 2016 OR LATER (64-BIT)
LAW-CCD,LAW-CCD.LAW.NORTHWESTERN.EDU,MICROSOFT WINDOWS SERVER 2016 OR LATER (64-BIT)
CS-POC-WIN10-1,,
W2016_VNUINVESTFSR,VNUINVESTFSR.IVM.NORTHWESTERN.EDU,
SAF-EMSALL1BT,SAF-EMSALL1BT.ADS.NORTHWESTERN.EDU,MICROSOFT WINDOWS SERVER 2012 (64-BIT)
EV-WEBPRINT08.LIBRARY.NORTHWESTERN.EDU,EV-WEBPRINT08.LIBRARY.NORTHWESTERN.EDU,MICROSOFT WINDOWS SERVER 2016 OR LATER (64-BIT)
SAF-WUSALL1BT,SAF-WUSALL1BT.ADS.NORTHWESTERN.EDU,MICROSOFT WINDOWS SERVER 2016 OR LATER (64-BIT)
COLLABORATION-DEV,COLLABORATION-DEV,UBUNTU LINUX (64-BIT)
ULAM18.TECH.NORTHWESTERN.EDU,ULAM18,UBUNTU LINUX (64-BIT)
ARDWSUS,ARDWSUS.OARD.NORTHWESTERN.EDU,MICROSOFT WINDOWS SERVER 2012 (64-BIT)
DATABASE2,DATABASE2.KELLEHER.NORTHWESTERN.EDU,
FLEMING-S.LIBRARY.NORTHWESTERN.EDU,FLEMING-S.LIBRARY.NORTHWESTERN.EDU,MICROSOFT WINDOWS SERVER 2016 OR LATER (64-BIT)
RISAPP-PROD,RISAPP-PROD.ORAD.NORTHWESTERN.EDU,MICROSOFT WINDOWS SERVER 2012 (64-BIT)
EVDC02-S.ADLIBRARY.NORTHWESTERN.EDU,EVDC02-S.ADLIBRARY.NORTHWESTERN.EDU,MICROSOFT WINDOWS SERVER 2016 OR LATER (64-BIT)
SESPDC4 (3B01EDD9-DD9E-4333-A7D6-062209D79659),SESPDC4.SESPAD.NORTHWESTERN.EDU,MICROSOFT WINDOWS SERVER 2012 (64-BIT)
ARDDB2,ARDDB2.OARD.NORTHWESTERN.EDU,MICROSOFT WINDOWS SERVER 2012 (64-BIT)
EVDC02.LIBRARY.NORTHWESTERN.EDU,EVDC02.LIBRARY.NORTHWESTERN.EDU,MICROSOFT WINDOWS SERVER 2016 OR LATER (64-BIT)
EVDC-VSRX-FW-1146-1-ISSC,LOCALHOST,
KALI,KALI,OTHER 4.X OR LATER LINUX (64-BIT)
SAF-KPPALL1BT,SAF-KPPALL1BT.ADS.NORTHWESTERN.EDU,MICROSOFT WINDOWS SERVER 2016 OR LATER (64-BIT)
SAF-RSTALL1A (C5149E5F-9531-42A7-8ABA-6294AF115620),SAF-RSTALL1A.DOSA.NORTHWESTERN.EDU,RED HAT ENTERPRISE LINUX 7 (64-BIT)
LIBFEDORA3S.LIBRARY.NORTHWESTERN.EDU (8DE07138-4AE5-415A-A837-007A3F71899E),,
SAF-PNCAPP1B (1DC22531-56A0-4598-A318-FA652EB5D48B),SAF-PNCAPP1B.ADS.NORTHWESTERN.EDU,MICROSOFT WINDOWS SERVER 2012 (64-BIT)
EV-WEBPRINT10.LIBRARY.NORTHWESTERN.EDU,EV-WEBPRINT10.LIBRARY.NORTHWESTERN.EDU,MICROSOFT WINDOWS SERVER 2016 OR LATER (64-BIT)
READERVM,READERVM.MEDILL.NORTHWESTERN.EDU,MICROSOFT WINDOWS SERVER 2012 (64-BIT)
STARGATE (5DAE1142-CD7F-4526-9E5F-33242F2B5DC9),STARGATE.SESPAD.NORTHWESTERN.EDU,MICROSOFT WINDOWS SERVER 2008 R2 (64-BIT)
SOCEVDC1,SOCEVDC1.SOC.NORTHWESTERN.EDU,MICROSOFT WINDOWS SERVER 2012 (64-BIT)
SAF-MFMALL1BT,SAF-MFMALL1BT.DOSA.NORTHWESTERN.EDU,RED HAT ENTERPRISE LINUX 7 (64-BIT)
CASMEDILL,CASMEDILL.MEDILL.NORTHWESTERN.EDU,RED HAT ENTERPRISE LINUX 7 (64-BIT)
EV-REDIRECT.LIBRARY.NORTHWESTERN.EDU,EV-REDIRECT.LIBRARY.NORTHWESTERN.EDU,MICROSOFT WINDOWS SERVER 2012 (64-BIT)
ARDDB1,ARDDB1.OARD.NORTHWESTERN.EDU,MICROSOFT WINDOWS SERVER 2008 R2 (64-BIT)
GLOBEVM,GLOBEVM.MEDILL.NORTHWESTERN.EDU,MICROSOFT WINDOWS SERVER 2012 (64-BIT)
RISCPSVR4-NUC,RISCPSVR4-NUC.ORAD.NORTHWESTERN.EDU,MICROSOFT WINDOWS SERVER 2016 OR LATER (64-BIT)
JETAD,JETAD.CI.NORTHWESTERN.EDU,MICROSOFT WINDOWS SERVER 2012 (64-BIT)
LAW-BLC,LAW-BLC.LAW.NORTHWESTERN.EDU,MICROSOFT WINDOWS SERVER 2016 OR LATER (64-BIT)
TIMBER.LIBRARY.NORTHWESTERN.EDU,TIMBER.LIBRARY.NORTHWESTERN.EDU,MICROSOFT WINDOWS SERVER 2016 OR LATER (64-BIT)
SOCCLINICSHF,SOCCLINICSHF.SOC.NORTHWESTERN.EDU,MICROSOFT WINDOWS SERVER 2016 OR LATER (64-BIT)
SAF-AANALL1B,SAF-AANALL1B.ADS.NORTHWESTERN.EDU,MICROSOFT WINDOWS SERVER 2016 OR LATER (64-BIT)
BREAKOUT (E559DF9D-F2F8-4256-97EE-0679808D4DF0),BREAKOUT2.SESPAD.NORTHWESTERN.EDU,MICROSOFT WINDOWS SERVER 2016 OR LATER (64-BIT)
SAF-GENPS1A,SAF-GENPS1A.ADS.NORTHWESTERN.EDU,MICROSOFT WINDOWS SERVER 2016 OR LATER (64-BIT)
ISO-SCAN,ISO-SCAN,UBUNTU LINUX (64-BIT)
NESSUS,ISSC-SCAN,MICROSOFT WINDOWS SERVER 2012 (64-BIT)
SAF-MWALL1A (14FF7578-0847-46F0-8A5F-B8D644468303),SAF-MWALL1A,RED HAT ENTERPRISE LINUX 6 (64-BIT)
SAF-ODSDB1A,SAF-ODSDB1A.DOSA.NORTHWESTERN.EDU,RED HAT ENTERPRISE LINUX 7 (64-BIT)
RISDVTEST,RISDVTEST.ORAD.NORTHWESTERN.EDU,MICROSOFT WINDOWS SERVER 2016 OR LATER (64-BIT)
MECHWEB18RP.TECH.NORTHWESTERN.EDU,MECHWEB18RP,UBUNTU LINUX (64-BIT)
LAW-PRINT,LAW-PRINT.LAW.NORTHWESTERN.EDU,MICROSOFT WINDOWS SERVER 2012 (64-BIT)
SOCSTEALTHSQL,SOCSTEALTHSQL.SOC.NORTHWESTERN.EDU,MICROSOFT WINDOWS SERVER 2016 OR LATER (64-BIT)
MSEFS.MCC-2012,MSEFS.MCC.NORTHWESTERN.EDU,MICROSOFT WINDOWS SERVER 2012 (64-BIT)
FLEMING.LIBRARY.NORTHWESTERN.EDU,FLEMING.LIBRARY.NORTHWESTERN.EDU,MICROSOFT WINDOWS SERVER 2016 OR LATER (64-BIT)
FAFNIR.TECH.NORTHWESTERN.EDU,FAFNIR,UBUNTU LINUX (64-BIT)
WEBCHECKOUT,WEBCHECKOUT,RED HAT ENTERPRISE LINUX 7 (64-BIT)
MYSQL-DB01-PRD (55CCC6DE-0EFE-47D4-9820-2E84C25F840B),MYSQL-DB01-PRD.LIBRARY.NORTHWESTERN.EDU,RED HAT ENTERPRISE LINUX 6 (64-BIT)
CASEY.TECH.NORTHWESTERN.EDU,CASEY,UBUNTU LINUX (64-BIT)
MADS_RM_WZRD,ROOMWZRDMADS.ADS.NORTHWESTERN.EDU,MICROSOFT WINDOWS SERVER 2016 OR LATER (64-BIT)
EV-PRINTBILLING.LIBRARY.NORTHWESTERN.EDU,EV-PRINTBILLING.LIBRARY.NORTHWESTERN.EDU,MICROSOFT WINDOWS SERVER 2012 (64-BIT)
SAF-RMS4DB1BT,SAF-RMS4DB1BT.ADS.NORTHWESTERN.EDU,MICROSOFT WINDOWS SERVER 2012 (64-BIT)
ARDK1000V7A,ARDSOFTWARE,FREEBSD 12 OR LATER VERSIONS (64-BIT)
PUPPET7,PUPPET-ENT.WCAS.NORTHWESTERN.EDU,
RISWEBPROD3,RISWEBPROD3.ORAD.NORTHWESTERN.EDU,MICROSOFT WINDOWS SERVER 2016 OR LATER (64-BIT)
BIOINFORMATICS WIN 7 X64_REPLICA,X64BIOINF.KELLEHER.NORTHWESTERN.EDU,MICROSOFT WINDOWS 7 (64-BIT)
ARD WIN10 TEMPLATE,,
FACULTY8-PROD,FACULTY8-PROD.WCAS.NORTHWESTERN.EDU,
PE.LIBRARY.NORTHWESTERN.EDU,,
CASPER-DEV,CASPER-DEV.SOC.NORTHWESTERN.EDU,RED HAT ENTERPRISE LINUX 7 (64-BIT)
OSCAAR3,OSCAAR3.LING.NORTHWESTERN.EDU,RED HAT ENTERPRISE LINUX 7 (64-BIT)
RISISIS-TRAIN,RISISIS-TRAIN.ORAD.NORTHWESTERN.EDU,MICROSOFT WINDOWS SERVER 2012 (64-BIT)
WEB-HDL02-PRD.LIBRARY.NORTHWESTERN.EDU (D19B04DD-4DCC-4473-9BF5-43EA59D77483),WEB-HDL02-PRD.LIBRARY.NORTHWESTERN.EDU,RED HAT ENTERPRISE LINUX 6 (64-BIT)
RISAPPTEST-NUC,RISAPPTEST.ORAD.NORTHWESTERN.EDU,MICROSOFT WINDOWS SERVER 2012 (64-BIT)
JAMEDILL,JAMEDILL.MEDILL.NORTHWESTERN.EDU,RED HAT ENTERPRISE LINUX 7 (64-BIT)
REDIRECT,REDIRECT,RED HAT ENTERPRISE LINUX 7 (64-BIT)
RISSUBKSVR,RISSUBKSVR.ORAD.NORTHWESTERN.EDU,MICROSOFT WINDOWS SERVER 2016 OR LATER (64-BIT)
AMPERE.TECH.NORTHWESTERN.EDU,AMPERE,UBUNTU LINUX (64-BIT)
DIZZY.LIBRARY.NORTHWESTERN.EDU,DIZZY.LIBRARY.NORTHWESTERN.EDU,MICROSOFT WINDOWS SERVER 2016 OR LATER (64-BIT)
SESPDC3 (9EB0E72F-8F2B-4902-BA82-BD32685EA10C),SESPDC3.SESPAD.NORTHWESTERN.EDU,MICROSOFT WINDOWS SERVER 2012 (64-BIT)
SOCCLINICSFS,SOCCLINICSFS.SOC.NORTHWESTERN.EDU,MICROSOFT WINDOWS SERVER 2016 OR LATER (64-BIT)
SOCWINSCHED,SOCWINSCHED.SOC.NORTHWESTERN.EDU,MICROSOFT WINDOWS SERVER 2016 OR LATER (64-BIT)
LIBFEDORA1S.LIBRARY.NORTHWESTERN.EDU (26C518C3-1CED-428A-9183-F185331667ED),,RED HAT ENTERPRISE LINUX 6 (64-BIT)
EVITFS01.LIBRARY.NORTHWESTERN.EDU,EVITFS01.LIBRARY.NORTHWESTERN.EDU,MICROSOFT WINDOWS SERVER 2016 OR LATER (64-BIT)
MAREK-DEV.LIBRARY.NORTHWESTERN.EDU,MAREK-DEV.LIBRARY.NORTHWESTERN.EDU,RED HAT ENTERPRISE LINUX 7 (64-BIT)
RISCPSVR3-NUC,RISCPSVR3-NUC.ORAD.NORTHWESTERN.EDU,MICROSOFT WINDOWS SERVER 2008 R2 (64-BIT)
OSEP WEB 2 (04E43969-9AC9-45F2-A1BA-8038A0ACB97C),OSEPWEB.SESP.NORTHWESTERN.EDU,UBUNTU LINUX (64-BIT)
PHILOLOGIC-P,,
TOMSTEST,TOMSTEST,RED HAT ENTERPRISE LINUX 7 (64-BIT)
EVPUBRMTUAG02.LIBRARY.NORTHWESTERN.EDU,EVPUBRMTUAG02,VMWARE PHOTON OS (64-BIT)
DISCOLIB1-P.LIBRARY.NORTHWESTERN.EDU,DISCOLIB1-P,RED HAT ENTERPRISE LINUX 6 (64-BIT)
GATTO (7DA1048F-A4D4-4D25-8BBE-16698E78789D),GATTO.LIBRARY.NORTHWESTERN.EDU,RED HAT ENTERPRISE LINUX 6 (64-BIT)
CURTIS-S.LIBRARY.NORTHWESTERN.EDU (DA47842E-8873-4B79-9CD4-E330573DA8C2),CURTIS-S.LIBRARY.NORTHWESTERN.EDU,RED HAT ENTERPRISE LINUX 6 (64-BIT)
BARNEY.LIBRARY.NORTHWESTERN.EDU,BARNEY.LIBRARY.NORTHWESTERN.EDU,MICROSOFT WINDOWS SERVER 2008 R2 (64-BIT)
EVSTAFFFS01-S.ADLIBRARY.NORTHWESTERN.EDU,EVSTAFFFS01-S.ADLIBRARY.NORTHWESTERN.EDU,MICROSOFT WINDOWS SERVER 2016 OR LATER (64-BIT)
LAW-IT,LAW-IT.LAW.NORTHWESTERN.EDU,MICROSOFT WINDOWS SERVER 2012 (64-BIT)
W2016_VNUINVESTGFIL,VNUINVESTGFIL.IVM.NORTHWESTERN.EDU,
ENDPOINTDATA,ENDPOINTDATA,RED HAT ENTERPRISE LINUX 7 (64-BIT)
ALMATRON-S.LIBRARY.NORTHWESTERN.EDU (71C23E18-E101-4182-AD3B-513205C59A34),ALMATRON-S.LIBRARY.NORTHWESTERN.EDU,RED HAT ENTERPRISE LINUX 6 (64-BIT)
SOCFMAUDIT,SOCFMAUDIT.SOC.NORTHWESTERN.EDU,MICROSOFT WINDOWS SERVER 2012 (64-BIT)
MAIL.ENGINEERING,MAIL,UBUNTU LINUX (64-BIT)
V2CLOUD4,V2CLOUD4.MMLC.NORTHWESTERN.EDU,RED HAT ENTERPRISE LINUX 7 (64-BIT)
DOMAIN CONTROLLER 3,KRGDC3.KELLEHER.NORTHWESTERN.EDU,MICROSOFT WINDOWS SERVER 2016 OR LATER (64-BIT)
PICAYUNE,PICAYUNE.MEDILL.NORTHWESTERN.EDU,MICROSOFT WINDOWS SERVER 2016 OR LATER (64-BIT)
CHEMATIX,CHEMATIX.WCAS.NORTHWESTERN.EDU,RED HAT ENTERPRISE LINUX 6 (64-BIT)
SOCADMINRDS,SOCADMINRDS.SOC.NORTHWESTERN.EDU,MICROSOFT WINDOWS SERVER 2016 OR LATER (64-BIT)
SOCJAMFADSYNC,SOCJAMFADSYNC,RED HAT ENTERPRISE LINUX 7 (64-BIT)
RISISIS-DEV,RISISIS-DEV.ORAD.NORTHWESTERN.EDU,MICROSOFT WINDOWS SERVER 2012 (64-BIT)
ZGATE-P.LIBRARY.NORTHWESTERN.EDU (7D059F59-1DC7-4A2A-96EE-476A59E1F75A),ZGATE-P.LIBRARY.NORTHWESTERN.EDU,RED HAT ENTERPRISE LINUX 6 (64-BIT)
PHP72,PHP72.WEINBERG.NORTHWESTERN.EDU,
EVSTAFFFS02-S.ADLIBRARY.NORTHWESTERN.EDU,EVSTAFFFS02-S.ADLIBRARY.NORTHWESTERN.EDU,MICROSOFT WINDOWS SERVER 2016 OR LATER (64-BIT)
WEBHOST,,
LAW-RESET,LAW-RESET.LAW.NORTHWESTERN.EDU,MICROSOFT WINDOWS SERVER 2012 (64-BIT)
NEW-WEBAPPS2,WEBAPPS2.AD.WCAS.NORTHWESTERN.EDU,RED HAT ENTERPRISE LINUX 5 (64-BIT)
DISCOWEB1-D.LIBRARY.NORTHWESTERN.EDU,DISCOWEB1-D,RED HAT ENTERPRISE LINUX 6 (64-BIT)
BCOE-STAGE (11E32447-1184-46BC-A998-1C8A21BE16AC),BCOE-STAGE,UBUNTU LINUX (64-BIT)
REDMINE,MASCOT-VM-COMPUTE,RED HAT ENTERPRISE LINUX 7 (64-BIT)
FORMS7DEV,FORMS7DEV,RED HAT ENTERPRISE LINUX 7 (64-BIT)
CAPTURE (B094592E-8006-4C0A-A32C-726414C5819D),CAPTURE,UBUNTU LINUX (64-BIT)
LIBDB1S.LIBRARY.NORTHWESTERN.EDU (93425672-59C9-4B46-855B-7D2603D0C2D1),,
CLOUD5.MADSTUDIO,CLOUD5.MADSTUDIO.NORTHWESTERN.EDU,RED HAT ENTERPRISE LINUX 7 (64-BIT)
EVENTS (444208AA-F6F9-44F3-9E88-F07D4123D614),EVENTS,UBUNTU LINUX (64-BIT)
CLASSWEB,CLASSWEB.SOC.NORTHWESTERN.EDU,RED HAT ENTERPRISE LINUX 7 (64-BIT)
CHBEFS.MCC-2016,CHBEFS.MCC.NORTHWESTERN.EDU,MICROSOFT WINDOWS SERVER 2016 OR LATER (64-BIT)
EPICSDATA,EPICSDATA.SOC.NORTHWESTERN.EDU,RED HAT ENTERPRISE LINUX 7 (64-BIT)
SOCCLINICSNOAH,SOCCLINICSNOAH.SOC.NORTHWESTERN.EDU,MICROSOFT WINDOWS SERVER 2016 OR LATER (64-BIT)
EV-WEBPRINT02.LIBRARY.NORTHWESTERN.EDU,EV-WEBPRINT02.LIBRARY.NORTHWESTERN.EDU,MICROSOFT WINDOWS SERVER 2016 OR LATER (64-BIT)
NETIDCHECK,NETIDCHECK,RED HAT ENTERPRISE LINUX 7 (64-BIT)
FRY.TECH.NORTHWESTERN.EDU,FRY,UBUNTU LINUX (64-BIT)
CTSTEM-STAGE (0B069D67-8702-49A8-A852-85F6B346E8B8),CTSTEM-STAGE,UBUNTU LINUX (64-BIT)
LISTS,LISTS.SOC.NORTHWESTERN.EDU,MICROSOFT WINDOWS SERVER 2012 (64-BIT)
PALPATINE (C5616EAF-FE1F-4209-9B5D-8B56DF91A16A),PALPATINE.LIBRARY.NORTHWESTERN.EDU,RED HAT ENTERPRISE LINUX 6 (64-BIT)
EV-WEBPRINT09.LIBRARY.NORTHWESTERN.EDU,EV-WEBPRINT09.LIBRARY.NORTHWESTERN.EDU,MICROSOFT WINDOWS SERVER 2016 OR LATER (64-BIT)
DISJAM,DISJAM,MICROSOFT WINDOWS SERVER 2016 OR LATER (64-BIT)
RISISIS-TEST,RISISIS-TEST.ORAD.NORTHWESTERN.EDU,MICROSOFT WINDOWS SERVER 2012 (64-BIT)
NTANGO (4B67D2F9-C750-45EA-B9D7-1F3DE39780DF),NTANGO,UBUNTU LINUX (64-BIT)
EVDC-VSRX-FW-1146-1-NUL,,
EVPUBLICFS01.LIBRARY.NORTHWESTERN.EDU,EVPUBLICFS01.LIBRARY.NORTHWESTERN.EDU,MICROSOFT WINDOWS SERVER 2016 OR LATER (64-BIT)
FORMS7,FORMS7,RED HAT ENTERPRISE LINUX 7 (64-BIT)
WEB-HDL01-STG.LIBRARY.NORTHWESTERN.EDU,WEB-HDL01-STG.LIBRARY.NORTHWESTERN.EDU,RED HAT ENTERPRISE LINUX 6 (64-BIT)
BUSTER.LIBRARY.NORTHWESTERN.EDU,BUSTER.LIBRARY.NORTHWESTERN.EDU,MICROSOFT WINDOWS SERVER 2016 OR LATER (64-BIT)
SAF-TSALL1B,SAF-TSALL1B.ADS.NORTHWESTERN.EDU,MICROSOFT WINDOWS SERVER 2016 OR LATER (64-BIT)
SCAFFOLD,SCAFFOLD.KELLEHER.NORTHWESTERN.EDU,MICROSOFT WINDOWS SERVER 2016 OR LATER (64-BIT)
NEIL,NEIL,MICROSOFT WINDOWS 10 (64-BIT)
SAF-RMSWEB1B,SAF-RMSWEB1B.ADS.NORTHWESTERN.EDU,MICROSOFT WINDOWS SERVER 2012 (64-BIT)
SAF-RMSDB1BT,SAF-RMSDB1BT.ADS.NORTHWESTERN.EDU,MICROSOFT WINDOWS SERVER 2012 (64-BIT)
ADMFS.MCC-2016,ADMFS.MCC.NORTHWESTERN.EDU,MICROSOFT WINDOWS SERVER 2016 OR LATER (64-BIT)
RISADSVR8-NUC,RISADSVR8-NUC.ORAD.NORTHWESTERN.EDU,MICROSOFT WINDOWS SERVER 2012 (64-BIT)
EVSTAFFFS02.LIBRARY.NORTHWESTERN.EDU,EVSTAFFFS02.LIBRARY.NORTHWESTERN.EDU,MICROSOFT WINDOWS SERVER 2016 OR LATER (64-BIT)
WWW7,WWW.WCAS.NORTHWESTERN.EDU,
SOCDOCKERHOST,SOCDOCKERHOST,RED HAT ENTERPRISE LINUX 7 (64-BIT)
CASPER-DIST-DEV,CASPER-DIST-DEV.SOC.NORTHWESTERN.EDU,RED HAT ENTERPRISE LINUX 7 (64-BIT)
SAF-WDSALL1A,SAF-WDSALL1A.ADS.NORTHWESTERN.EDU,MICROSOFT WINDOWS SERVER 2012 (64-BIT)
MECHWEB18.TECH.NORTHWESTERN.EDU,MECHWEB18,UBUNTU LINUX (64-BIT)
WEEZER.LIBRARY.NORTHWESTERN.EDU,WEEZER.LIBRARY.NORTHWESTERN.EDU,
MECHFS.MCC-2016,MECHFS.MCC.NORTHWESTERN.EDU,MICROSOFT WINDOWS SERVER 2016 OR LATER (64-BIT)
MSTORK-ADLIB10.ADLIBRARY.NORTHWESTERN.EDU,MSTORK-ADLIB10.ADLIBRARY.NORTHWESTERN.EDU,MICROSOFT WINDOWS 10 (64-BIT)
RISSCHOLARS,RISSCHOLARS.CI.NORTHWESTERN.EDU,MICROSOFT WINDOWS SERVER 2012 (64-BIT)
RISTSSVR4-NUC,RISTSSVR4-NUC.ORAD.NORTHWESTERN.EDU,MICROSOFT WINDOWS SERVER 2016 OR LATER (64-BIT)
EVERTZ (43D025E2-62B1-4A41-9F7F-00D0B0AEFD03),,OTHER LINUX (64-BIT)
SAF-GENFS1A (90DE1000-E725-4151-B9C5-5833B3FFD687),SAF-GENFS1A.ADS.NORTHWESTERN.EDU,MICROSOFT WINDOWS SERVER 2012 (64-BIT)
LAW-ONE,LAW-ONE.LAW.NORTHWESTERN.EDU,MICROSOFT WINDOWS SERVER 2012 (64-BIT)
4WINDSDB.MCC-2019,4WINDSDB.MCC.NORTHWESTERN.EDU,MICROSOFT WINDOWS SERVER 2016 OR LATER (64-BIT)
WEBAPPS6-TEST,WEBAPPS6-TEST.WEINBERG.NORTHWESTERN.EDU,RED HAT ENTERPRISE LINUX 6 (64-BIT)
CASPER,CASPER.SOC.NORTHWESTERN.EDU,RED HAT ENTERPRISE LINUX 7 (64-BIT)
RISDVPROD,RISDVPROD.ORAD.NORTHWESTERN.EDU,MICROSOFT WINDOWS SERVER 2016 OR LATER (64-BIT)
WINDOWS2012TEST,,MICROSOFT WINDOWS SERVER 2012 (64-BIT)
EGOT.LIBRARY.NORTHWESTERN.EDU,EGOT.LIBRARY.NORTHWESTERN.EDU,MICROSOFT WINDOWS SERVER 2016 OR LATER (64-BIT)
PG (BD411E12-E8B6-4248-8461-F66503AD3B2E),PG.SESP.NORTHWESTERN.EDU,CENTOS 7 (64-BIT)
PRESS-S.LIBRARY.NORTHWESTERN.EDU,PRESS-S,RED HAT ENTERPRISE LINUX 6 (64-BIT)
DIR6,DIR6.AD.WCAS.NORTHWESTERN.EDU,
LEELA.TECH.NORTHWESTERN.EDU,LEELA,UBUNTU LINUX (64-BIT)
IMAGES-S.LIBRARY.NORTHWESTERN.EDU (A0EF5F8C-03DD-411D-B53E-D160AF1523A6),IMAGES-S.LIBRARY.NORTHWESTERN.EDU,RED HAT ENTERPRISE LINUX 6 (64-BIT)
GAMMA.MCC-2012,GAMMA.MCC.NORTHWESTERN.EDU,MICROSOFT WINDOWS SERVER 2016 OR LATER (64-BIT)
WIN10,NATEADVM10.AD.WCAS.NORTHWESTERN.EDU,
SOCCLINICSRDSB,SOCCLINICSRDSB.SOC.NORTHWESTERN.EDU,MICROSOFT WINDOWS SERVER 2016 OR LATER (64-BIT)
WORDHOARD-S.LIBRARY.NORTHWESTERN.EDU (6C80A1F2-8007-49EF-9306-4E6588B39829),WORDHOARD-S.LIBRARY.NORTHWESTERN.EDU,RED HAT ENTERPRISE LINUX 6 (64-BIT)
WARNER.LIBRARY.NORTHWESTERN.EDU,WARNER.LIBRARY.NORTHWESTERN.EDU,
GFA1.LIBRARY.NORTHWESTERN.EDU,GFA1.LIBRARY.NORTHWESTERN.EDU,RED HAT ENTERPRISE LINUX 7 (64-BIT)
GCHENTEST0,WIN-7AH3OM0HH52,MICROSOFT WINDOWS SERVER 2016 OR LATER (64-BIT)
SOCMANAGE,SOCMANAGE.SOC.NORTHWESTERN.EDU,
SCHERRLABRDS,SCHERRLABRDS.SOC.NORTHWESTERN.EDU,MICROSOFT WINDOWS SERVER 2012 (64-BIT)
WEBAPPS6-DEV,WEBAPPS6-DEV.WEINBERG.NORTHWESTERN.EDU,RED HAT ENTERPRISE LINUX 6 (64-BIT)
SAF-RWZWEB1A,SAF-RWZWEB1A.ADS.NORTHWESTERN.EDU,MICROSOFT WINDOWS SERVER 2012 (64-BIT)
SAF-AANALL1BT,SAF-AANALL1BT.ADS.NORTHWESTERN.EDU,MICROSOFT WINDOWS SERVER 2016 OR LATER (64-BIT)
AWSLYNC.LIBRARY.NORTHWESTERN.EDU,AWSLYNC.LIBRARY.NORTHWESTERN.EDU,RED HAT ENTERPRISE LINUX 6 (64-BIT)
SOCSOLSTICE,SOCSOLSTICE.SOC.NORTHWESTERN.EDU,MICROSOFT WINDOWS SERVER 2016 OR LATER (64-BIT)
SAF-WUSALL1B,SAF-WUSALL1B.ADS.NORTHWESTERN.EDU,MICROSOFT WINDOWS SERVER 2016 OR LATER (64-BIT)
LAW-ITFS,LAW-ITFS.LAW.NORTHWESTERN.EDU,MICROSOFT WINDOWS SERVER 2016 OR LATER (64-BIT)
PROTEOME DISCOVERER 1.4_REPLICA,DISCOVERER14.KELLEHER.NORTHWESTERN.EDU,MICROSOFT WINDOWS 7 (64-BIT)
TRAININGTEMP,TRAININGTEMP.KELLEHER.NORTHWESTERN.EDU,
LAW-FUSIONDB,LAW-FUSIONDB.LAW.NORTHWESTERN.EDU,MICROSOFT WINDOWS SERVER 2012 (64-BIT)
RHEL8-TEMPLATE,RHEL8-TEMPLATE.SOC.NORTHWESTERN.EDU,
JUPYTER,JUPYTER,UBUNTU LINUX (64-BIT)
FIFA (1CD0AE4B-6AFA-4557-B952-F4BA7464DFF1),FIFA.SESPAD.NORTHWESTERN.EDU,MICROSOFT WINDOWS SERVER 2008 R2 (64-BIT)
LAW-WEBDBP_REPLICA,,
HOMER-S.LIBRARY.NORTHWESTERN.EDU (96F16143-544F-4F81-93CD-C0C3777228A7),HOMER-S.LIBRARY.NORTHWESTERN.EDU,RED HAT ENTERPRISE LINUX 6 (64-BIT)
MAS-DEV18.TECH.NORTHWESTERN.EDU,MAS-DEV18,UBUNTU LINUX (64-BIT)
EVPUBRMTUAG02-S.LIBRARY.NORTHWESTERN.EDU,EVPUBRMTUAG02-S,VMWARE PHOTON OS (64-BIT)
TECH SUPPORT VM,TECHSUPPORTVM.OARD.NORTHWESTERN.EDU,MICROSOFT WINDOWS 10 (64-BIT)
ARDEQUITRAC,ARDEQUITRAC.OARD.NORTHWESTERN.EDU,MICROSOFT WINDOWS SERVER 2016 OR LATER (64-BIT)
FACULTY-TEST,FACULTY-TEST.WCAS.NORTHWESTERN.EDU,
LAW-MBDB,LAW-MBDB.LAW.NORTHWESTERN.EDU,MICROSOFT WINDOWS SERVER 2012 (64-BIT)
SOCPWSTATE,SOCPWSTATE.SOC.NORTHWESTERN.EDU,MICROSOFT WINDOWS SERVER 2012 (64-BIT)
EV-GALTERPRINT.LIBRARY.NORTHWESTERN.EDU,EV-GALTERPRINT.LIBRARY.NORTHWESTERN.EDU,
TFS BUILD,TFSBUILD2.KELLEHER.NORTHWESTERN.EDU,MICROSOFT WINDOWS SERVER 2016 OR LATER (64-BIT)
PUBWEB18.TECH.NORTHWESTERN.EDU,PUBWEB18,UBUNTU LINUX (64-BIT)
FTP-STG.LIBRARY.NORTHWESTERN.EDU,FTP-STG.LIBRARY.NORTHWESTERN.EDU,RED HAT ENTERPRISE LINUX 6 (64-BIT)
SOCSTEALTHAPP,SOCSTEALTHAPP.SOC.NORTHWESTERN.EDU,MICROSOFT WINDOWS SERVER 2016 OR LATER (64-BIT)
ZGATE-S.LIBRARY.NORTHWESTERN.EDU (B06007F3-6160-4310-83CC-D61BFA84FC1B),ZGATE-S.LIBRARY.NORTHWESTERN.EDU,RED HAT ENTERPRISE LINUX 6 (64-BIT)
E1-PRINT.MCC-2019,E1-PRINT.MCC.NORTHWESTERN.EDU,MICROSOFT WINDOWS SERVER 2016 OR LATER (64-BIT)
EV-PRINT.LIBRARY.NORTHWESTERN.EDU,EV-PRINT.LIBRARY.NORTHWESTERN.EDU,MICROSOFT WINDOWS SERVER 2012 (64-BIT)
CS-POC-WS2K19-1,WIN-5S2SO5NNBES,
BCOE-PROD (9863DB94-A439-4F1A-A0A6-6D1AD5B55C5E),BCOE-PROD,UBUNTU LINUX (64-BIT)
EV-WEBPRINT01.LIBRARY.NORTHWESTERN.EDU,EV-WEBPRINT01.LIBRARY.NORTHWESTERN.EDU,MICROSOFT WINDOWS SERVER 2016 OR LATER (64-BIT)
JAMDIS,JAMDIS.MEDILL.NORTHWESTERN.EDU,MICROSOFT WINDOWS SERVER 2016 OR LATER (64-BIT)
EVITFS01-S.ADLIBRARY.NORTHWESTERN.EDU,EVITFS01-S.ADLIBRARY.NORTHWESTERN.EDU,MICROSOFT WINDOWS SERVER 2016 OR LATER (64-BIT)
ALMATRON-P.LIBRARY.NORTHWESTERN.EDU (6D6898CA-4B36-4C9C-B957-DA5C1A348647),ALMATRON-P,RED HAT ENTERPRISE LINUX 6 (64-BIT)
WPHOST2,WPHOST2,RED HAT ENTERPRISE LINUX 7 (64-BIT)
TEMPLATE18.TECH.NORTHWESTERN.EDU,TEMPLATE18,UBUNTU LINUX (64-BIT)
SID.LIBRARY.NORTHWESTERN.EDU,SID.LIBRARY.NORTHWESTERN.EDU,MICROSOFT WINDOWS SERVER 2012 (64-BIT)
LAW-PHOTOS,LAW-PHOTOS.LAW.NORTHWESTERN.EDU,MICROSOFT WINDOWS SERVER 2016 OR LATER (64-BIT)
NUL-INFRA.LIBRARY.NORTHWESTERN.EDU,,
SOCRDS,SOCRDS.SOC.NORTHWESTERN.EDU,MICROSOFT WINDOWS SERVER 2016 OR LATER (64-BIT)
BARTLETT-P.LIBRARY.NORTHWESTERN.EDU (E67EAB89-53F1-49D6-8950-822A85E678A7),BARTLETT-P.LIBRARY.NORTHWESTERN.EDU,RED HAT ENTERPRISE LINUX 6 (64-BIT)
KEN-DEV,KEN-DEV.KELLEHER.NORTHWESTERN.EDU,MICROSOFT WINDOWS 10 (64-BIT)
KRGWSUS,,
MYPC.LIBRARY.NORTHWESTERN.EDU,MYPC.LIBRARY.NORTHWESTERN.EDU,MICROSOFT WINDOWS SERVER 2016 OR LATER (64-BIT)
COWEN DOCKER_MAS,COWEN,UBUNTU LINUX (64-BIT)
CASPER-DIST,CASPER-DIST.SOC.NORTHWESTERN.EDU,RED HAT ENTERPRISE LINUX 7 (64-BIT)
INQUIRERVM,INQUIRERVM.MEDILL.NORTHWESTERN.EDU,MICROSOFT WINDOWS SERVER 2012 (64-BIT)
LIBSOLR3S.LIBRARY.NORTHWESTERN.EDU,,ORACLE LINUX 4/5 OR LATER (64-BIT)
SOCITRDS,SOCITRDS.SOC.NORTHWESTERN.EDU,MICROSOFT WINDOWS SERVER 2016 OR LATER (64-BIT)
ALMATRON2-S.LIBRARY.NORTHWESTERN.EDU,,
CSGFMP,CSGFMP.SOC.NORTHWESTERN.EDU,MICROSOFT WINDOWS SERVER 2012 (64-BIT)
TRAINING-PAUL,TRAINING-PAUL.KELLEHER.NORTHWESTERN.EDU,
WINDOWS WEB 2,PCE-WIMA2.KELLEHER.NORTHWESTERN.EDU,MICROSOFT WINDOWS SERVER 2016 OR LATER (64-BIT)
RYAN-DEV,RYAN-DEV.KELLEHER.NORTHWESTERN.EDU,MICROSOFT WINDOWS 10 (64-BIT)
MODELER,MODELER.MEDILL.NORTHWESTERN.EDU,MICROSOFT WINDOWS SERVER 2012 (64-BIT)
LAW-JOURNALS,LAW-JOURNALS.LAW.NORTHWESTERN.EDU,MICROSOFT WINDOWS SERVER 2016 OR LATER (64-BIT)
JOETOOLS,,
EV-WEBPRINT00.LIBRARY.NORTHWESTERN.EDU,EV-WEBPRINT00.LIBRARY.NORTHWESTERN.EDU,MICROSOFT WINDOWS SERVER 2016 OR LATER (64-BIT)
LIBKBOX2.LIBRARY.NORTHWESTERN.EDU,LIBKBOX2.LIBRARY.NORTHWESTERN.EDU,FREEBSD 11 (64-BIT)
SOCAWX,SOCAWX,RED HAT ENTERPRISE LINUX 7 (64-BIT)
SOCFUSIONSQL,SOCFUSIONSQL.SOC.NORTHWESTERN.EDU,MICROSOFT WINDOWS SERVER 2016 OR LATER (64-BIT)
RHEL 6 TEMPLATE VM,RHEL6TEMPLATE.WCAS.NORTHWESTERN.EDU,
MCCSFS01.MCC-2019,MCCSFS01.MCC.NORTHWESTERN.EDU,MICROSOFT WINDOWS SERVER 2016 OR LATER (64-BIT)
CEE-LICENSE.MCC-2019,CEE-LICENSE.MCC.NORTHWESTERN.EDU,
BIOINFORMATICS,BIOINFORMATICS.KELLEHER.NORTHWESTERN.EDU,MICROSOFT WINDOWS SERVER 2012 (64-BIT)
EV-WEBPRINT2016TEMPLATE,UNIVERS-F7N5EFG.LIBRARY.NORTHWESTERN.EDU,MICROSOFT WINDOWS SERVER 2016 OR LATER (64-BIT)
SVN (AFAC6715-66D1-4A53-9204-34123955433C),,
CATRACKS VM,,
RISRETROSVR2,RISRETROSVR2.ORAD.NORTHWESTERN.EDU,MICROSOFT WINDOWS SERVER 2016 OR LATER (64-BIT)
SOCCLINICSRDSH6,SOCCLINICSRDSH6.SOC.NORTHWESTERN.EDU,
MAS18.TECH.NORTHWESTERN.EDU,MAS18,UBUNTU LINUX (64-BIT)
COLLABORATION.MCCORMICK.NORTHWESTERN.EDU,COLLABORATION,UBUNTU LINUX (64-BIT)
EVALUATIONS (E142E3E4-3800-497F-A6E5-B398B9C434FC),EVALUATIONS.SESPAD.NORTHWESTERN.EDU,
QUAGMIRE.SOC,QUAGMIRE.SOC.NORTHWESTERN.EDU,RED HAT ENTERPRISE LINUX 7 (64-BIT)
PROGFS.MCC-2016,PROGFS.MCC.NORTHWESTERN.EDU,MICROSOFT WINDOWS SERVER 2016 OR LATER (64-BIT)
MONITOR,NEW-MONITOR.WCAS.NORTHWESTERN.EDU,
RISCISVR1-NUC,RISCISVR1-NUC.ORAD.NORTHWESTERN.EDU,MICROSOFT WINDOWS SERVER 2012 (64-BIT)
BURNS-S.LIBRARY.NORTHWESTERN.EDU,BURNS-S.LIBRARY.NORTHWESTERN.EDU,MICROSOFT WINDOWS SERVER 2016 OR LATER (64-BIT)
RISISIS-PROD,RISISIS-PROD.ORAD.NORTHWESTERN.EDU,MICROSOFT WINDOWS SERVER 2012 (64-BIT)
EZPROXY1-S.LIBRARY.NORTHWESTERN.EDU,,
LAW-NONDOMAIN,LAW-NONDOMAIN.ADS.NORTHWESTERN.EDU,MICROSOFT WINDOWS SERVER 2012 (64-BIT)
SCHERRMAXQDA,SCHERRMAXQDA.SOC.NORTHWESTERN.EDU,
MAS-DEV18DB.TECH.NORTHWESTERN.EDU,MAS-DEV18DB,UBUNTU LINUX (64-BIT)
SOCDOCKERDEV,SOCDOCKERDEV,RED HAT ENTERPRISE LINUX 7 (64-BIT)
LIBFEDORA2S.LIBRARY.NORTHWESTERN.EDU (26C1B674-517C-48E3-97E2-DA7B0569812C),,
LAW-SBDB,LAW-SBDB.LAW.NORTHWESTERN.EDU,MICROSOFT WINDOWS SERVER 2012 (64-BIT)
LAW-THREE,LAW-THREE.LAW.NORTHWESTERN.EDU,MICROSOFT WINDOWS SERVER 2012 (64-BIT)
EVSTAFFFS01.LIBRARY.NORTHWESTERN.EDU,EVSTAFFFS01.LIBRARY.NORTHWESTERN.EDU,MICROSOFT WINDOWS SERVER 2016 OR LATER (64-BIT)
FS.MCC-2016,FS.MCC.NORTHWESTERN.EDU,MICROSOFT WINDOWS SERVER 2016 OR LATER (64-BIT)
PLUCKY.LIBRARY.NORTHWESTERN.EDU,PLUCKY.LIBRARY.NORTHWESTERN.EDU,MICROSOFT WINDOWS SERVER 2016 OR LATER (64-BIT)
BOOKWORM.LIBRARY.NORTHWESTERN.EDU,,
RISSCI-CLUB,RISSCI-CLUB.ORAD.NORTHWESTERN.EDU,MICROSOFT WINDOWS SERVER 2012 (64-BIT)
GCHENTEST,WIN2K12-R2-STD,MICROSOFT WINDOWS SERVER 2012 (64-BIT)
SOCDEPTFS,SOCDEPTFS.SOC.NORTHWESTERN.EDU,MICROSOFT WINDOWS SERVER 2012 (64-BIT)
JENKINS,JENKINS.RCS.NORTHWESTERN.EDU,CENTOS 4/5 OR LATER (64-BIT)
EV-WEBPRINT05.LIBRARY.NORTHWESTERN.EDU,EV-WEBPRINT05.LIBRARY.NORTHWESTERN.EDU,MICROSOFT WINDOWS SERVER 2016 OR LATER (64-BIT)
RISREVOSM-NUC,RISREVOSM-NUC.CI.NORTHWESTERN.EDU,MICROSOFT WINDOWS SERVER 2012 (64-BIT)
MCECEFS01.MCC-2019,MCECEFS01.MCC.NORTHWESTERN.EDU,MICROSOFT WINDOWS SERVER 2016 OR LATER (64-BIT)
NEW-WEBAPPS1,WEBAPPS1.AD.WCAS.NORTHWESTERN.EDU,RED HAT ENTERPRISE LINUX 5 (64-BIT)
TOMSTEST,INSTRUMENT-DNS,RED HAT ENTERPRISE LINUX 7 (64-BIT)
FS2K16TEST,FILE-2K16TEST.OARD.NORTHWESTERN.EDU,
PUNCHOUT (95490DDC-08F6-4826-995F-AAA8B9918EFD),PUNCHOUT,CENTOS 6 (64-BIT)
SOCKRONOSRDS,SOCKRONOSRDS.SOC.NORTHWESTERN.EDU,MICROSOFT WINDOWS SERVER 2016 OR LATER (64-BIT)
EV-WEBPRINT04.LIBRARY.NORTHWESTERN.EDU,EV-WEBPRINT04.LIBRARY.NORTHWESTERN.EDU,MICROSOFT WINDOWS SERVER 2016 OR LATER (64-BIT)
COISANDBOX,COISANDBOX.ORAD.NORTHWESTERN.EDU,MICROSOFT WINDOWS SERVER 2016 OR LATER (64-BIT)
W2016_VNUINVESTFS,,
BURNS.LIBRARY.NORTHWESTERN.EDU,BURNS.LIBRARY.NORTHWESTERN.EDU,MICROSOFT WINDOWS SERVER 2016 OR LATER (64-BIT)
WEBHOST1.MMLC.NORTHWESTERN.EDU,MADSWEBHOST1.MMLC.NORTHWESTERN.EDU,RED HAT ENTERPRISE LINUX 6 (64-BIT)
KRG-WEB2_REPLICA,KRG-WEB2-1.KELLEHER.NORTHWESTERN.EDU,OTHER 2.6.X LINUX (64-BIT)
LICENSE01.LIBRARY.NORTHWESTERN.EDU,LICENSE.LIBRARY.NORTHWESTERN.EDU,MICROSOFT WINDOWS SERVER 2016 OR LATER (64-BIT)
SOCFUSION,SOCFUSION.SOC.NORTHWESTERN.EDU,MICROSOFT WINDOWS SERVER 2012 (64-BIT)
ANSEL-S.LIBRARY.NORTHWESTERN.EDU (EB809DB4-6650-4E8D-B46A-718B037D9F2B),ANSEL-S.LIBRARY.NORTHWESTERN.EDU,RED HAT ENTERPRISE LINUX 6 (64-BIT)
PUPPETMASTER.LIBRARY.NORTHWESTERN.EDU (27AFDD43-24CC-44D9-84CC-121E9F054B1B),,RED HAT ENTERPRISE LINUX 6 (64-BIT)
FTP-LOC01-PRD (46BECE40-D21D-4CCA-B81B-22D25B05FC1D),FTP-LOC01-PRD.LIBRARY.NORTHWESTERN.EDU,RED HAT ENTERPRISE LINUX 6 (64-BIT)
SOCTESTRDS,SOCTESTRDS.SOC.NORTHWESTERN.EDU,
RISSABDATTST,RISSABDATTST.CI.NORTHWESTERN.EDU,MICROSOFT WINDOWS SERVER 2012 (64-BIT)
LIBSOLR1S.LIBRARY.NORTHWESTERN.EDU (ACCCFED0-44E4-416B-881A-BD4609BEB1C5),,
VOLTA.TECH.NORTHWESTERN.EDU,VOLTA,UBUNTU LINUX (64-BIT)
RISGATSVR,RISGATSVR.ORAD.NORTHWESTERN.EDU,MICROSOFT WINDOWS SERVER 2016 OR LATER (64-BIT)
SOCDOCKERWEB,SOCDOCKERWEB,RED HAT ENTERPRISE LINUX 7 (64-BIT)
ILABS (7435CCA8-A36A-4BB4-8FFC-F0033C2D4ED5),ILABS2.SESPAD.NORTHWESTERN.EDU,MICROSOFT WINDOWS SERVER 2008 (64-BIT)
FREENAS TEST_REPLICA,,FREEBSD PRE-11 VERSIONS (64-BIT)
SAF-CMDALL1AT,SAF-CMDALL1AT.ADS.NORTHWESTERN.EDU,MICROSOFT WINDOWS SERVER 2012 (64-BIT)
EV-WEBPRINT03.LIBRARY.NORTHWESTERN.EDU,EV-WEBPRINT03.LIBRARY.NORTHWESTERN.EDU,MICROSOFT WINDOWS SERVER 2016 OR LATER (64-BIT)
TCAT,TCAT,
SOCWEBMIGRATE,SOCWEBMIGRATE,RED HAT ENTERPRISE LINUX 7 (64-BIT)
SAF-OHINT1BT,SAF-OHINT1BT.ADS.NORTHWESTERN.EDU,MICROSOFT WINDOWS SERVER 2012 (64-BIT)
SOCCLINICSRDSH3,SOCCLINICSRDSH3.SOC.NORTHWESTERN.EDU,MICROSOFT WINDOWS SERVER 2016 OR LATER (64-BIT)
SAF-RMS4WEB1BT,SAF-RMS4WEB1BT.ADS.NORTHWESTERN.EDU,MICROSOFT WINDOWS SERVER 2012 (64-BIT)
W2016_VNUINVESTNETW,VNUINVESTNETW.IVM.NORTHWESTERN.EDU,
NEXTCLOUD (BD25C192-1D1F-49E5-9034-841EBB2295EF),NEXTCLOUD.SESP.NORTHWESTERN.EDU,CENTOS 7 (64-BIT)
RISWFPROD,RISWFPROD.ORAD.NORTHWESTERN.EDU,MICROSOFT WINDOWS SERVER 2016 OR LATER (64-BIT)
IVANM,IVANM,MICROSOFT WINDOWS SERVER 2012 (64-BIT)
PLANNER2 (BB1547AF-4B95-47E7-9442-75B4E5D10B0B),PLANNER2,UBUNTU LINUX (64-BIT)
NUSUBDB.LING,NUSUBDB.LING.NORTHWESTERN.EDU,RED HAT ENTERPRISE LINUX 6 (64-BIT)
RISAPP-PROD2,RISAPP-PROD2.ORAD.NORTHWESTERN.EDU,MICROSOFT WINDOWS SERVER 2016 OR LATER (64-BIT)
DISCOVERY-P.LIBRARY.NORTHWESTERN.EDU,DISCOVERY-P,
SAF-NAGALL1B,SAF-NAGALL1B.DOSA.NORTHWESTERN.EDU,RED HAT ENTERPRISE LINUX 7 (64-BIT)
WEB-HDL01-PRD.LIBRARY.NORTHWESTERN.EDU (8AB9998D-4725-422C-8BAA-600EA9FED4C2),WEB-HDL01-PRD.LIBRARY.NORTHWESTERN.EDU,RED HAT ENTERPRISE LINUX 6 (64-BIT)
EV-PRINTDB.LIBRARY.NORTHWESTERN.EDU,EV-PRINTDB.LIBRARY.NORTHWESTERN.EDU,MICROSOFT WINDOWS SERVER 2012 (64-BIT)
DB3,DB3.AD.WCAS.NORTHWESTERN.EDU,RED HAT ENTERPRISE LINUX 6 (64-BIT)
EVSTAFFFS03.LIBRARY.NORTHWESTERN.EDU,EVSTAFFFS03.LIBRARY.NORTHWESTERN.EDU,
ILABSTUDIO (DE01D812-F366-4B02-900E-D85691DF61B5),,
EV-WEBPRINT06.LIBRARY.NORTHWESTERN.EDU,EV-WEBPRINT06.LIBRARY.NORTHWESTERN.EDU,MICROSOFT WINDOWS SERVER 2016 OR LATER (64-BIT)
ARDPRINTER,ARDPRINTER.OARD.NORTHWESTERN.EDU,MICROSOFT WINDOWS SERVER 2016 OR LATER (64-BIT)
SAF-CMDALL1A (54AC7FD4-C535-4F2E-9EE7-F5267C9F7E05),SAF-CMDALL1A.ADS.NORTHWESTERN.EDU,MICROSOFT WINDOWS SERVER 2012 (64-BIT)
DIR7,DIR7.AD.WCAS.NORTHWESTERN.EDU,
MENU-P.LIBRARY.NORTHWESTERN.EDU (720D113A-43F0-4BB8-B1D8-3C11E1E0E240),MENU-P.LIBRARY.NORTHWESTERN.EDU,RED HAT ENTERPRISE LINUX 6 (64-BIT)
SOCWSUSENDPOINT,SOCWSUSENDPOINT.SOC.NORTHWESTERN.EDU,MICROSOFT WINDOWS SERVER 2016 OR LATER (64-BIT)
ARCHIVAL-TEST.LIBRARY.NORTHWESTERN.EDU,ARCHIVAL-TEST.LIBRARY.NORTHWESTERN.EDU,RED HAT ENTERPRISE LINUX 6 (64-BIT)
SAF-MFMALL1B,SAF-MFMALL1B.DOSA.NORTHWESTERN.EDU,RED HAT ENTERPRISE LINUX 7 (64-BIT)
SAF-EMSALL1B,SAF-EMSALL1B.ADS.NORTHWESTERN.EDU,MICROSOFT WINDOWS SERVER 2012 (64-BIT)
SAF-RMSWEB1BT,SAF-RMSWEB1BT.ADS.NORTHWESTERN.EDU,MICROSOFT WINDOWS SERVER 2012 (64-BIT)
SOCWINADMIN,SOCWINADMIN.SOC.NORTHWESTERN.EDU,MICROSOFT WINDOWS SERVER 2016 OR LATER (64-BIT)
WEBAPPS6,WEBAPPS6.WEINBERG.NORTHWESTERN.EDU,RED HAT ENTERPRISE LINUX 6 (64-BIT)
OBED,OBED.LAW.NORTHWESTERN.EDU,MICROSOFT WINDOWS SERVER 2016 OR LATER (64-BIT)
MYSQL-WHRD-PRD (9E4D67CC-D56E-4765-B1D1-D5F9F53E0421),MYSQL-WHRD-PRD.LIBRARY.NORTHWESTERN.EDU,RED HAT ENTERPRISE LINUX 6 (64-BIT)
EVPUBRMTCS01.LIBRARY.NORTHWESTERN.EDU,EVPUBRMTCS01.LIBRARY.NORTHWESTERN.EDU,
SAF-ODSDB1AT,SAF-ODSDB1AT.DOSA.NORTHWESTERN.EDU,RED HAT ENTERPRISE LINUX 7 (64-BIT)
DIGITAL-S.LIBRARY.NORTHWESTERN.EDU (1F84E97C-C732-4DEF-891B-84476C921712),DIGITAL-S.LIBRARY.NORTHWESTERN.EDU,RED HAT ENTERPRISE LINUX 6 (64-BIT)
COMPOUND DISCOVERER,COMPOUND-DISCOVERER2.KELLEHER.NORTHWESTERN.EDU,MICROSOFT WINDOWS SERVER 2016 OR LATER (64-BIT)
SAF-CIDALL1A,SAF-CIDALL1A.DOSA.NORTHWESTERN.EDU,RED HAT ENTERPRISE LINUX 7 (64-BIT)
TRANSFER-P.LIBRARY.NORTHWESTERN.EDU,TRANSFER-P.LIBRARY.NORTHWESTERN.EDU,RED HAT ENTERPRISE LINUX 6 (64-BIT)
MAS18DB2.TECH.NORTHWESTERN.EDU,MAS18DB2,UBUNTU LINUX (64-BIT)
POSTMAN.ESAM.NORTHWESTERN.EDU,POSTMAN,UBUNTU LINUX (64-BIT)
SAF-COPALL1A (A03B5A62-4A69-4B7E-ACED-6E4F7313F5EC),,
DISCOWEB1-P.LIBRARY.NORTHWESTERN.EDU,DISCOWEB1-P,RED HAT ENTERPRISE LINUX 6 (64-BIT)
SAF-RSPALL1A (8763C9D5-D746-46F7-ACF8-DB8E15F8B25D),SAF-RSPALL1A.DOSA.NORTHWESTERN.EDU,RED HAT ENTERPRISE LINUX 7 (64-BIT)
MYSQL-DB02-PRD (2BBA8898-910B-44EA-8827-AF5BC11EE30E),MYSQL-DB02-PRD.LIBRARY.NORTHWESTERN.EDU,RED HAT ENTERPRISE LINUX 6 (64-BIT)
DIGITAL-P.LIBRARY.NORTHWESTERN.EDU (000ED080-021C-4530-A9B6-538BA004C130),DIGITAL-P.LIBRARY.NORTHWESTERN.EDU,RED HAT ENTERPRISE LINUX 6 (64-BIT)
LAW-DB,LAW-DB.LAW.NORTHWESTERN.EDU,MICROSOFT WINDOWS SERVER 2012 (64-BIT)
PRESS.LIBRARY.NORTHWESTERN.EDU (8369459F-418A-4EB2-8D08-544B74D7960B),PRESS,RED HAT ENTERPRISE LINUX 6 (64-BIT)
MDW-P.LIBRARY.NORTHWESTERN.EDU (662281EA-9365-4EBA-8263-6D933388E04D),MDW-P.LIBRARY.NORTHWESTERN.EDU,RED HAT ENTERPRISE LINUX 6 (64-BIT)
CLOUD6.MADSTUDIO.NORTHWESTERN.EDU,CLOUD6.MADSTUDIO.NORTHWESTERN.EDU,RED HAT ENTERPRISE LINUX 7 (64-BIT)
SAF-OHALL1BT,SAF-OHALL1BT.ADS.NORTHWESTERN.EDU,MICROSOFT WINDOWS SERVER 2012 (64-BIT)
MENU-S.LIBRARY.NORTHWESTERN.EDU,MENU-S.LIBRARY.NORTHWESTERN.EDU,RED HAT ENTERPRISE LINUX 6 (64-BIT)
CS-POC-WIN7-1,CS-POC-WIN7-1,
W12R2D_VNUINVESTWIL (BFE1CD7F-3400-433D-8C8A-B29F677067CF),VNUINVESTWIL.IVM.NORTHWESTERN.EDU,MICROSOFT WINDOWS SERVER 2012 (64-BIT)
WINDOWS SERVER 2016 STANDARDDESKTOP EXPERIENCE CLEAN,,
CLONE_K1000,,FREEBSD PRE-11 VERSIONS (64-BIT)
PCEDEVTEST2,,
UBUNTU,UBUNTU,UBUNTU LINUX (64-BIT)
EVPUBRMTUAG01-S.LIBRARY.NORTHWESTERN.EDU,EVPUBRMTUAG01-S,VMWARE PHOTON OS (64-BIT)
KRG-WEB1_REPLICA,KRG-WEB1,RED HAT ENTERPRISE LINUX 5 (64-BIT)
WINDOWS SERVER 2019 STANDARD DESKTOP EXPERIENCE CLEAN,,
WINDOWS SERVER 2012 R2 STANDARD CLEAN,WIN2012R2STDCLEAN,MICROSOFT WINDOWS SERVER 2012 (64-BIT)
NUANCE-DEV,NUANCE-DEV.RCS.NORTHWESTERN.EDU,CENTOS 4/5 OR LATER (64-BIT)
MATT-DEV,,
EVPUBRMTCS01-S.LIBRARY.NORTHWESTERN.EDU,EVPUBRMTCS01-S.LIBRARY.NORTHWESTERN.EDU,
GMORSE-D,GMORSE-D,RED HAT ENTERPRISE LINUX 7 (64-BIT)
LAW-WEBNET_REPLICA,,
TFS BUILD 4,TFSBUILD4.KELLEHER.NORTHWESTERN.EDU,MICROSOFT WINDOWS 10 (64-BIT)
WINFILES.LIBRARY.NORTHWESTERN.EDU,WINFILES.LIBRARY.NORTHWESTERN.EDU,MICROSOFT WINDOWS SERVER 2016 OR LATER (64-BIT)
PYPI (2B1E1228-FEB3-4FC6-9694-E9DFA9B5D394),PYPI,UBUNTU LINUX (64-BIT)
V2CLOUD3,V2CLOUD3.MMLC.NORTHWESTERN.EDU,RED HAT ENTERPRISE LINUX 7 (64-BIT)
MASCOT HEAD NODE,MASCOT-VM,RED HAT ENTERPRISE LINUX 7 (64-BIT)
MCCEFS01.MCC-2019,MCCEFS01.MCC.NORTHWESTERN.EDU,MICROSOFT WINDOWS SERVER 2016 OR LATER (64-BIT)
LAW-FUSIONRV,LAW-FUSIONRV.LAW.NORTHWESTERN.EDU,MICROSOFT WINDOWS SERVER 2012 (64-BIT)
CTDPROGRAMGUIDE (9B4834CF-0360-4AF7-AEBC-3534952214F3),PROGRAMGUIDE,UBUNTU LINUX (64-BIT)
EVPUBRMTUAG01.LIBRARY.NORTHWESTERN.EDU,EVPUBRMTUAG01,VMWARE PHOTON OS (64-BIT)
ARDDB3,ARDDB3.OARD.NORTHWESTERN.EDU,MICROSOFT WINDOWS SERVER 2016 OR LATER (64-BIT)
DISCOLIB1-D.LIBRARY.NORTHWESTERN.EDU,DISCOLIB1-D,RED HAT ENTERPRISE LINUX 6 (64-BIT)
WEB-HDL02-STG.LIBRARY.NORTHWESTERN.EDU,WEB-HDL02-STG.LIBRARY.NORTHWESTERN.EDU,RED HAT ENTERPRISE LINUX 6 (64-BIT)
RALPH.LIBRARY.NORTHWESTERN.EDU,RALPH.LIBRARY.NORTHWESTERN.EDU,MICROSOFT WINDOWS SERVER 2008 R2 (64-BIT)
SAF-OHINT1B,SAF-OHINT1B.ADS.NORTHWESTERN.EDU,MICROSOFT WINDOWS SERVER 2012 (64-BIT)
PRINTS,PRINTS.CI.NORTHWESTERN.EDU,MICROSOFT WINDOWS SERVER 2012 (64-BIT)
BETA.MCC-2016,BETA.MCC.NORTHWESTERN.EDU,MICROSOFT WINDOWS SERVER 2016 OR LATER (64-BIT)
DUPONT.SOC,DUPONT.SOC.NORTHWESTERN.EDU,RED HAT ENTERPRISE LINUX 7 (64-BIT)
PROD.LEGACY.DOCKER.WCAS.NORTHWESTERN.EDU,PROD.LEGACY.DOCKER.WCAS.NORTHWESTERN.EDU,
PROTEOME DISCOVERER,DISCOVERER.KELLEHER.NORTHWESTERN.EDU,MICROSOFT WINDOWS SERVER 2016 OR LATER (64-BIT)
W10E_VPCOPER,VPCOPER.IVM.NORTHWESTERN.EDU,
VNUINVESTEG,VNUINVESTEG,CENTOS 4/5 OR LATER (64-BIT)
SOCCLINICSRDSH4,SOCCLINICSRDSH4.SOC.NORTHWESTERN.EDU,MICROSOFT WINDOWS SERVER 2016 OR LATER (64-BIT)
PROTEIN DECONVOLUTION,BIOPHARMAFINDER.KELLEHER.NORTHWESTERN.EDU,MICROSOFT WINDOWS SERVER 2016 OR LATER (64-BIT)
HOMER-P.LIBRARY.NORTHWESTERN.EDU (E6EF71E8-4CD0-4C1F-9C43-27755F8C7D20),HOMER-P.LIBRARY.NORTHWESTERN.EDU,RED HAT ENTERPRISE LINUX 6 (64-BIT)
SLATE-DEV7,SLATE-DEV7.WCAS.NORTHWESTERN.EDU,
SPEEDY.LIBRARY.NORTHWESTERN.EDU,SPEEDY.LIBRARY.NORTHWESTERN.EDU,RED HAT ENTERPRISE LINUX 5 (64-BIT)
HAMPTON.LIBRARY.NORTHWESTERN.EDU,HAMPTON.LIBRARY.NORTHWESTERN.EDU,MICROSOFT WINDOWS SERVER 2016 OR LATER (64-BIT)
ARCHIVAL-D.LIBRARY.NORTHWESTERN.EDU,ARCHIVAL-D.LIBRARY.NORTHWESTERN.EDU,RED HAT ENTERPRISE LINUX 6 (64-BIT)
BMEFS.MCC-2016,BMEFS.MCC.NORTHWESTERN.EDU,MICROSOFT WINDOWS SERVER 2016 OR LATER (64-BIT)
OBERTH18.TECH.NORTHWESTERN.EDU,OBERTH18,UBUNTU LINUX (64-BIT)
CTSTEM-PROD (C58BC98C-467C-4B1D-9962-8BDAEB35F0D8),CTSTEM-PROD,UBUNTU LINUX (64-BIT)
JOHNSON.TECH.NORTHWESTERN.EDU,JOHNSON,UBUNTU LINUX (64-BIT)
WIKID.LIBRARY.NORTHWESTERN.EDU,WIKID.LIBRARY.NORTHWESTERN.EDU,RED HAT ENTERPRISE LINUX 6 (64-BIT)
SAF-HSFS1B,SAF-HSFS1B.ADS.NORTHWESTERN.EDU,MICROSOFT WINDOWS SERVER 2016 OR LATER (64-BIT)
CONFLUENCE7,CONFLUENCE7.WCAS.NORTHWESTERN.EDU,RED HAT ENTERPRISE LINUX 7 (64-BIT)
LAW-SEPM,LAW-SEPM.LAW.NORTHWESTERN.EDU,MICROSOFT WINDOWS SERVER 2012 (64-BIT)
SAF-OHALL1B,SAF-OHALL1B.ADS.NORTHWESTERN.EDU,MICROSOFT WINDOWS SERVER 2012 (64-BIT)
LIBREPOFILES1S.LIBRARY.NORTHWESTERN.EDU (9CFCA915-834E-404B-A51D-7DCE279D1DA8),,RED HAT ENTERPRISE LINUX 6 (64-BIT)
VFSMJSSDB02.FSM.NORTHWESTERN.EDU,VFSMJSSDB02.FSM.NORTHWESTERN.EDU,
VTIMSDB01,VTIMSDB01.FSM.NORTHWESTERN.EDU,MICROSOFT WINDOWS SERVER 2012 (64-BIT)
VFSMEMSDB01.FSM.NORTHWESTERN.EDU,VFSMEMSDB01.FSM.NORTHWESTERN.EDU,
VTIMSAPP01,VTIMSAPP01.FSM.NORTHWESTERN.EDU,MICROSOFT WINDOWS SERVER 2012 (64-BIT)
VFSMPULMWEBAPP1.FSM.NORTHWESTERN.EDU,VFSMPULMWEBAPP1.FSM.NORTHWESTERN.EDU,
VFSMISGMHP96DB01.FSM.NORTHWESTERN.EDU,VFSMISGMHP96DB01.FSM.NORTHWESTERN.EDU,
VFSMDEPLOY01,,
VTFSMISGMHAPP02.FSM.NORTHWESTERN.EDU,VTFSMISGMHAPP02.FSM.NORTHWESTERN.EDU,CENTOS 7 (64-BIT)
VTFSMGHSLDB03.FSM.NORTHWESTERN.EDU,VTFSMGHSLDB03.FSM.NORTHWESTERN.EDU,
VTFSMSURGHLACLT,,
VTFSMMSSWEBSTG1,VTFSMMSSWEBSTG1.FSM.NORTHWESTERN.EDU,
VFSMGHSLAPPS01,,
VTFSMCPRR01,,
VMEDIASITEAPP01,VMEDIASITEAPP01.FSM.NORTHWESTERN.EDU,MICROSOFT WINDOWS SERVER 2012 (64-BIT)
PSTAGE,,RED HAT ENTERPRISE LINUX 5 (64-BIT)
VTFSMCDSIMC01,VTFSMCDSIMC01.FSM.NORTHWESTERN.EDU,CENTOS 7 (64-BIT)
VFSMMSSDBPRD1,VFSMMSSDBPRD1.FSM.NORTHWESTERN.EDU,
VTFSMCCRAILSAPPS01.FSM.NORTHWESTERN.EDU,,
VFSMNUBICDB01.FSM.NORTHWESTERN.EDU,,
VFSMMSSWEB01,VFSMMSSWEB01.FSM.NORTHWESTERN.EDU,
VFSMCI01,,
VFSMPMRDB01,VFSMPMRDB01.FSM.NORTHWESTERN.EDU,
GPROD2.FSM.NORTHWESTERN.EDU,,RED HAT ENTERPRISE LINUX 6 (64-BIT)
VTFSMCDSIPBAPP01.FSM.NORTHWESTERN.EDU,VTFSMCDSIPBAPP01.FSM.NORTHWESTERN.EDU,RED HAT ENTERPRISE LINUX 7 (64-BIT)
VFSMPATHAPP01.FSM.NORTHWESTERN.EDU,VFSMPATHAPP01.FSM.NORTHWESTERN.EDU,
VFSMWEBCAMP01,,
VFSMSPINEAGENT,,
VTFSMPREVMEDWEB01,VTFSMPREVMEDWEB01.FSM.NORTHWESTERN.EDU,CENTOS 7 (64-BIT)
VFSMCBITSDB06,,
VFSMLS01,VFSMLS01.FSM.NORTHWESTERN.EDU,MICROSOFT WINDOWS SERVER 2012 (64-BIT)
VFSMPATHODSA1,VFSMPATHODSA1.FSM.NORTHWESTERN.EDU,
VTFSMCDSIAPPS01,VTFSMCDSIAPPS01.FSM.NORTHWESTERN.EDU,CENTOS 7 (64-BIT)
VFSMPMAPPS01.FSM.NORTHWESTERN.EDU,,
VFSMMHSPPSQL,VFSMMHSPPSQL.FSM.NORTHWESTERN.EDU,MICROSOFT WINDOWS SERVER 2012 (64-BIT)
VFSMCHESPORTAL01.FSM.NORTHWESTERN.EDU,VFSMCHESPORTAL01.FSM.NORTHWESTERN.EDU,
VFSMBSATMPMON02,VFSMBSATMPMON02.FSM.NORTHWESTERN.EDU,MICROSOFT WINDOWS SERVER 2012 (64-BIT)
VTFSMCDSIDB01N1,VTFSMCDSIDB01N1.FSM.NORTHWESTERN.EDU,CENTOS 7 (64-BIT)
VFSMSASPC02,,
VTFSMITDAA950W,,
CAS2.FSM.NORTHWESTERN.EDU,,
VFSMSURGAPPS02.FSM.NORTHWESTERN.EDU,VFSMSURGAPPS02.FSM.NORTHWESTERN.EDU,
VFSMCBITSDB09,,
VFSMPHYSWEB1,VFSMPHYSWEB1.FSM.NORTHWESTERN.EDU,RED HAT ENTERPRISE LINUX 7 (64-BIT)
VFSMWEBRED01.FSM.NORTHWESTERN.EDU,VFSMWEBRED01.FSM.NORTHWESTERN.EDU,MICROSOFT WINDOWS SERVER 2016 OR LATER (64-BIT)
VFSMCHESMAIN01.FSM.NORTHWESTERN.EDU,VFSMCHESMAIN01.FSM.NORTHWESTERN.EDU,CENTOS 6 (64-BIT)
VFSMNUGENEAPPS01,,
VTFSMSANDBOX1,VTFSMSANDBOX1.FSM.NORTHWESTERN.EDU,RED HAT ENTERPRISE LINUX 7 (64-BIT)
VTFSMDOCKER02,VTFSMDOCKER02.FSM.NORTHWESTERN.EDU,
VFSMMILLERWIKI.FSM.NORTHWESTERN.EDU,,
VTFSMI2B2APP02.FSM.NORTHWESTERN.EDU,VTFSMI2B2APP02.FSM.NORTHWESTERN.EDU,
VFSMJENKINS01.FSM.NORTHWESTERN.EDU,VFSMJENKINS01.FSM.NORTHWESTERN.EDU,RED HAT ENTERPRISE LINUX 7 (64-BIT)
VFSMIPHAMDB01,VFSMIPHAMDB01.FSM.NORTHWESTERN.EDU,
VTFSMWPWEB01.FSM.NORTHWESTERN.EDU,VTFSMWPWEB01.FSM.NORTHWESTERN.EDU,RED HAT ENTERPRISE LINUX 7 (64-BIT)
VFSMSMARTVUE,VFSMSMARTVUE.FSM.NORTHWESTERN.EDU,MICROSOFT WINDOWS SERVER 2016 OR LATER (64-BIT)
VTFSMCDSIPBDB01.FSM.NORTHWESTERN.EDU,VTFSMCDSIPBDB01.FSM.NORTHWESTERN.EDU,RED HAT ENTERPRISE LINUX 7 (64-BIT)
VFSMCDSIAPPS01.FSM.NORTHWESTERN.EDU,VFSMCDSIAPPS01.FSM.NORTHWESTERN.EDU,
VFSMTRANSDBQA.FSM.NORTHWESTERN.EDU,VFSMTRANSDBQA.FSM.NORTHWESTERN.EDU,MICROSOFT WINDOWS SERVER 2012 (64-BIT)
VFSMPREVMEDAPPS01.FSM.NORTHWESTERN.EDU,VFSMPREVMEDAPPS01.FSM.NORTHWESTERN.EDU,RED HAT ENTERPRISE LINUX 7 (64-BIT)
VFSMPMRMEDIA01,VFSMPMRMEDIA01.FSM.NORTHWESTERN.EDU,MICROSOFT WINDOWS SERVER 2012 (64-BIT)
VFSMITSFTP01.FSM.NORTHWESTERN.EDU,VFSMITSFTP01.FSM.NORTHWESTERN.EDU,
VFSMMBTIAPPS01,VFSMMBTIAPPS01.FSM.NORTHWESTERN.EDU,RED HAT ENTERPRISE LINUX 7 (64-BIT)
VFSMRSHINY01,VFSMRSHINY01.FSM.NORTHWESTERN.EDU,
VFSMTRANSDBDIST.FSM.NORTHWESTERN.EDU,,
VFSMRSHINY02,VFSMRSHINY02.FSM.NORTHWESTERN.EDU,
VTFSMEMSAPP01.FSM.NORTHWESTERN.EDU,VTFSMEMSAPP01.FSM.NORTHWESTERN.EDU,
VFSMNICUAPP.FSM.NORTHWESTERN.EDU,VFSMNICUAPP.FSM.NORTHWESTERN.EDU,
VTFSMNIACALAPP02.FSM.NORTHWESTERN.EDU,VTFSMNIACALAPP02.FSM.NORTHWESTERN.EDU,
VFSMONCOSET01.FSM.NORTHWESTERN.EDU,VFSMONCOSET01.FSM.NORTHWESTERN.EDU,RED HAT ENTERPRISE LINUX 7 (64-BIT)
VFSMPMCOUCH02.FSM.NORTHWESTERN.EDU,VFSMPMCOUCH02.FSM.NORTHWESTERN.EDU,CENTOS 4/5 OR LATER (64-BIT)
VFSMCARDIAREDCAPDB,,
VTFSMSTATTAG,,
VFSMCMRAPP01,VFSMCMRAPP01.FSM.NORTHWESTERN.EDU,
VFSMGBMIRROR,VFSMGBMIRROR,
VTFSMNUGENEAPPS01,,
VFSMGHSLEZPROXY01,,
VFSMINFDB01,VFSMINFDB01.FSM.NORTHWESTERN.EDU,MICROSOFT WINDOWS SERVER 2012 (64-BIT)
VTFSMOPENINFO01,,
VFSMDEPLOY02.FSM.NORTHWESTERN.EDU,VFSMDEPLOY02.FSM.NORTHWESTERN.EDU,RED HAT ENTERPRISE LINUX 7 (64-BIT)
VTFSMGHSLDASH01,,
VFSMGHSLDB02,,
VFSMNIACALWEB01,VFSMNIACALWEB01.FSM.NORTHWESTERN.EDU,RED HAT ENTERPRISE LINUX 7 (64-BIT)
VTFSMRAPIDDB01.FSM.NORTHWESTERN.EDU,VTFSMRAPIDDB01.FSM.NORTHWESTERN.EDU,
GEMINI.FSM.NORTHWESTERN.EDU,GEMINI.FSM.NORTHWESTERN.EDU,
VTFSMCDSISTDB01,VTFSMCDSISTDB01.FSM.NORTHWESTERN.EDU,CENTOS 7 (64-BIT)
VFSMPMAPPS05.FSM.NORTHWESTERN.EDU,,
VFSMSOZOHUB,VFSMSOZOHUB.FSM.NORTHWESTERN.EDU,MICROSOFT WINDOWS SERVER 2012 (64-BIT)
VFSMMSSSYMON01.FSM.NORTHWESTERN.EDU,VFSMMSSSYMON01.FSM.NORTHWESTERN.EDU,
VFSMNUBICDRUPAL01.FSM.NORTHWESTERN.EDU,,
VFSMSURGAPPS03,VFSMSURGAPPS03.FSM.NORTHWESTERN.EDU,MICROSOFT WINDOWS SERVER 2012 (64-BIT)
VTFSMISGMHP96DB02.FSM.NORTHWESTERN.EDU,VTFSMISGMHP96DB02.FSM.NORTHWESTERN.EDU,CENTOS 7 (64-BIT)
VTFSMPSYWEB01,VTFSMPSYWEB01.FSM.NORTHWESTERN.EDU,MICROSOFT WINDOWS SERVER 2012 (64-BIT)
VTFSMGHSLAPPS03,VTFSMGHSLAPPS03.FSM.NORTHWESTERN.EDU,CENTOS 7 (64-BIT)
VTFSMCDSIAPPS03.FSM.NORTHWESTERN.EDU,VTFSMCDSIAPPS03.FSM.NORTHWESTERN.EDU,
MSS-DB2,,
PSTAGE2,,
VFSMPMAPPS06.FSM.NORTHWESTERN.EDU,VFSMPMAPPS06.FSM.NORTHWESTERN.EDU,MICROSOFT WINDOWS SERVER 2012 (64-BIT)
VTFSMDOCKERDB02.FSM.NORTHWESTERN.EDU,VTFSMDOCKERDB02.FSM.NORTHWESTERN.EDU,
VFSMISGMHSMART2,VFSMISGMHSMART2.FSM.NORTHWESTERN.EDU,
VTFSMEDWAPINT,VTFSMEDWAPINT.FSM.NORTHWESTERN.EDU,MICROSOFT WINDOWS SERVER 2012 (64-BIT)
VTFSMJSSDB01.FSM.NORTHWESTERN.EDU,,
VFSMPREVMEDWEB01.FSM.NORTHWESTERN.EDU,VFSMPREVMEDWEB01.FSM.NORTHWESTERN.EDU,CENTOS 7 (64-BIT)
VTFSMGIHEPAPPS01.FSM.NORTHWESTERN.EDU,VTFSMGIHEPAPPS01.FSM.NORTHWESTERN.EDU,CENTOS 7 (64-BIT)
VFSMSURGDB03,VFSMSURGDB03.FSM.NORTHWESTERN.EDU,MICROSOFT WINDOWS SERVER 2012 (64-BIT)
VFSMSCIENCECLUB.FSM.NORTHWESTERN.EDU,VFSMSCIENCECLUB.FSM.NORTHWESTERN.EDU,MICROSOFT WINDOWS SERVER 2012 (64-BIT)
VFSMCHIPSFTP01.FSM.NORTHWESTERN.EDU,VFSMCHIPSFTP01.FSM.NORTHWESTERN.EDU,
PPROD.FSM.NORTHWESTERN.EDU,,
VFSMISGMHSMART1,VFSMISGMHSMART1.FSM.NORTHWESTERN.EDU,
VFSMPMP.FSM.NORTHWESTERN.EDU,VFSMPMP.FSM.NORTHWESTERN.EDU,MICROSOFT WINDOWS SERVER 2012 (64-BIT)
VTFSMEDWAPDBINT,VTFSMEDWAPDBINT.FSM.NORTHWESTERN.EDU,
VFSMCBITSDB07,,
VFSMCNADCAPP01.FSM.NORTHWESTERN.EDU,VFSMCNADCAPP01.FSM.NORTHWESTERN.EDU,RED HAT ENTERPRISE LINUX 7 (64-BIT)
VFSMCCRAILSAPPS01.FSM.NORTHWESTERN.EDU,,
VFSMNICU2HOME.FSM.NORTHWESTERN.EDU,,
VFSMCBITSDB08,,
VTFSMCDSIP103DB01.FSM.NORTHWESTERN.EDU,VTFSMCDSIP103DB01.FSM.NORTHWESTERN.EDU,RED HAT ENTERPRISE LINUX 7 (64-BIT)
VTFSMCDSIAPPS02N1,VTFSMCDSIAPPS02N1.FSM.NORTHWESTERN.EDU,CENTOS 6 (64-BIT)
MIRCONNECT.NUBIC,,
DICTY-BIOMART-PTOOLS.DICTYBASE.ORG,CONVERTER,UBUNTU LINUX (32-BIT)
VGHSLSYMDB01,VGHSLSYMDB01.FSM.NORTHWESTERN.EDU,MICROSOFT WINDOWS SERVER 2012 (64-BIT)
VFSMFM01,VFSMFM01.FSM.NORTHWESTERN.EDU,MICROSOFT WINDOWS SERVER 2012 (64-BIT)
VFSMHEALTHLNKDB,VFSMHEALTHLNKDB.FSM.NORTHWESTERN.EDU,
VFSMSTDGEN.FSM.NORTHWESTERN.EDU,,
MSSDBTEST.FSM.NORTHWESTERN.EDU,,
VFSMTRANSEDW02,VFSMTRANSEDW02.FSM.NORTHWESTERN.EDU,
VTFSMSEPMGR,VTFSMSEPMGR.FSM.NORTHWESTERN.EDU,MICROSOFT WINDOWS SERVER 2012 (64-BIT)
VTFSMPOSH00,VTFSMPOSH00.FSM.NORTHWESTERN.EDU,MICROSOFT WINDOWS SERVER 2012 (64-BIT)
VTFSMSTNODE1.FSM.NORTHWESTERN.EDU,VTFSMSTNODE1.FSM.NORTHWESTERN.EDU,RED HAT ENTERPRISE LINUX 6 (64-BIT)
VTFSMEMSDB01.FSM.NORTHWESTERN.EDU,VTFSMEMSDB01.FSM.NORTHWESTERN.EDU,MICROSOFT WINDOWS SERVER 2012 (64-BIT)
VFSMJSSDB01.FSM.NORTHWESTERN.EDU,,
VTFSMFOCUSAPP1,VTFSMFOCUSAPP1.FSM.NORTHWESTERN.EDU,MICROSOFT WINDOWS SERVER 2012 (64-BIT)
VTFSMCDSILB01,VTFSMCDSILB01.FSM.NORTHWESTERN.EDU,CENTOS 4/5 OR LATER (64-BIT)
VTFSMSTNODE2.FSM.NORTHWESTERN.EDU,VTFSMSTNODE2.FSM.NORTHWESTERN.EDU,RED HAT ENTERPRISE LINUX 6 (64-BIT)
VFSMCDSISTDB01,VFSMCDSISTDB01.FSM.NORTHWESTERN.EDU,
VTFSMNUBICNOTIS01.FSM.NORTHWESTERN.EDU,VTFSMNUBICNOTIS01.FSM.NORTHWESTERN.EDU,CENTOS 7 (64-BIT)
VFSMNVIVO01,VFSMNVIVO01.FSM.NORTHWESTERN.EDU,MICROSOFT WINDOWS SERVER 2012 (64-BIT)
VTFSMDOCKER03.FSM.NORTHWESTERN.EDU,VTFSMDOCKER03.FSM.NORTHWESTERN.EDU,RED HAT ENTERPRISE LINUX 7 (64-BIT)
VFSMPMAPPS08.FSM.NORTHWESTERN.EDU,,
VFSMBASICTMPMON,VFSMBASICTMPMON.FSM.NORTHWESTERN.EDU,
MSSWEBTEST.FSM.NORTHWESTERN.EDU,,
MSSALM.CI.NORTHWESTERN.EDU,MSSALM.CI.NORTHWESTERN.EDU,MICROSOFT WINDOWS SERVER 2008 R2 (64-BIT)
VFSMNUBICREDCAP.FSM.NORTHWESTERN.EDU,VFSMNUBICREDCAP.FSM.NORTHWESTERN.EDU,
VFSMBESWEB01,VFSMBESWEB01.FSM.NORTHWESTERN.EDU,MICROSOFT WINDOWS SERVER 2012 (64-BIT)
VFSMDOCKER02,VFSMDOCKER02.FSM.NORTHWESTERN.EDU,CENTOS 7 (64-BIT)
VFSMPOPHEALTHDB02.FSM.NORTHWESTERN.EDU,VFSMPOPHEALTHDB02.FSM.NORTHWESTERN.EDU,CENTOS 4/5 OR LATER (64-BIT)
VFSMPREVMEDAI,VFSMPREVMEDAI,
VTFSMNIACALAPP01.FSM.NORTHWESTERN.EDU,VTFSMNIACALAPP01.FSM.NORTHWESTERN.EDU,
VFSMCONVERTER.FSM.NORTHWESTERN.EDU,VFSMCONVERTER.FSM.NORTHWESTERN.EDU,MICROSOFT WINDOWS SERVER 2016 OR LATER (64-BIT)
VFSMRADAPPSCAL1.FSM.NORTHWESTERN.EDU,VFSMRADAPPSCAL1.FSM.NORTHWESTERN.EDU,
VTFSMPERFTEST.FSM.NORTHWESTERN.EDU,VTFSMPERFTEST.FSM.NORTHWESTERN.EDU,
VFSMPDSUTIL02.FSM.NORTHWESTERN.EDU,VFSMPDSUTIL02.FSM.NORTHWESTERN.EDU,
VFSMDHCPTEST,,OTHER 2.6.X LINUX (64-BIT)
VTFSMCARDIAREDCAP,,
VTFSMPMCOUCH01.FSM.NORTHWESTERN.EDU,,
VFSMCBITSAPPS05,,
VTFSMTRANSEDW02.FSM.NORTHWETERN.EDU,VTFSMTRANSEDW02.FSM.NORTHWESTERN.EDU,
VFSMPRINT01.FSM.NORTHWESTERN.EDU,VFSMPRINT01.FSM.NORTHWESTERN.EDU,MICROSOFT WINDOWS SERVER 2012 (64-BIT)
VTFSMGHSLAPPS04.FSM.NORTHWESTERN.EDU,VTFSMGHSLAPPS04.FSM.NORTHWESTERN.EDU,RED HAT ENTERPRISE LINUX 7 (64-BIT)
VTFSMOMOP01.FSM.NORTHWESTERN.EDU,VTFSMOMOP01.FSM.NORTHWESTERN.EDU,RED HAT ENTERPRISE LINUX 7 (64-BIT)
MSS-DBRPT,,
VTFSMI2B2DB02.FSM.NORTHWESTERN.EDU,VTFSMI2B2DB02.FSM.NORTHWESTERN.EDU,
VMEDIASITEAPP02,VMEDIASITEAPP02.FSM.NORTHWESTERN.EDU,MICROSOFT WINDOWS SERVER 2012 (64-BIT)
VFSMRUNDECK01.FSM.NORTHWESTERN.EDU,VFSMRUNDECK01.FSM.NORTHWESTERN.EDU,
VFSMTRANSDBDEV.FSM.NORTHWESTERN.EDU,VFSMTRANSDBDEV.FSM.NORTHWESTERN.EDU,MICROSOFT WINDOWS SERVER 2012 (64-BIT)
RAILS-PROD2.FSM.NORTHWESTERN.EDU,,
VTFSMTESTBOX02,VTFSMTESTBOX02.FSM.NORTHWESTERN.EDU,
VFSMGHSLSYMIDS.FSM.NORTHWESTERN.EDU,,
VFSMFISMANOTIS01,VFSMFISMANOTIS01.FSM.NORTHWESTERN.EDU,CENTOS 4/5 OR LATER (64-BIT)
VTFSMITTEMP1,VTFSMITTEMP1.FSM.NORTHWESTERN.EDU,
VFSMSCRIPTETL,VFSMSCRIPTETL.FSM.NORTHWESTERN.EDU,
VFSMPREVMEDWEB3.FSM.NORTHWESTERN.EDU,VFSMPREVMEDWEB3.FSM.NORTHWESTERN.EDU,
VFSMNUBICJIRA.FSM.NORTHWESTERN.EDU,,
VTIMSTRANS01,VTIMSTRANS01.FSM.NORTHWESTERN.EDU,MICROSOFT WINDOWS SERVER 2012 (64-BIT)
VFSMCBITSAPPS16,,
VFSMUROLOGYLM01,VFSMUROLOGYLM01.FSM.NORTHWESTERN.EDU,MICROSOFT WINDOWS SERVER 2012 (64-BIT)
VTFSMFOCUSWEB2.FSM.NORTHWESTERN.EDU,VTFSMFOCUSWEB2.FSM.NORTHWESTERN.EDU,
VWPDEVWEB,,
VTFSMJSSDB02.FSM.NORTHWESTERN.EDU,VTFSMJSSDB02.FSM.NORTHWESTERN.EDU,
VFSMORADB02,VFSMORADB02.FSM.NORTHWESTERN.EDU,ORACLE LINUX 7 (64-BIT)
VFSMGHSLREPO01,,
VFSMPMNODEDB02,VFSMPMNODEDB02.FSM.NORTHWESTERN.EDU,RED HAT ENTERPRISE LINUX 7 (64-BIT)
VFSMBESINV01,VFSMBESINV01.FSM.NORTHWESTERN.EDU,MICROSOFT WINDOWS SERVER 2012 (64-BIT)
VFSMOC01.FSM.NORTHWESTERN.EDU,VFSMOC01.FSM.NORTHWESTERN.EDU,CENTOS 4/5 OR LATER (64-BIT)
VTFSMDICTYFE01,,RED HAT ENTERPRISE LINUX 7 (64-BIT)
VFSMNUGENEDB01,,
VTFSMNICUDB.FSM.NORTHWESTERN.EDU,VTFSMNICUDB.FSM.NORTHWESTERN.EDU,
OSLER.FSM.NORTHWESTERN.EDU,,RED HAT ENTERPRISE LINUX 6 (64-BIT)
VFSMPMNODE01.FSM.NORTHWESTERN.EDU,,
CODE.BIOINFORMATICS.NORTHWESTERN.EDU,CONVERTER,RED HAT ENTERPRISE LINUX 5 (64-BIT)
CLINICAL-RAILS-PROD.FSM.NORTHWESTERN.EDU,,RED HAT ENTERPRISE LINUX 5 (64-BIT)
VTFSMPERFTEST03.FSM.NORTHWESTERN.EDU,VTFSMPERFTEST03.FSM.NORTHWESTERN.EDU,
VTFSMCNADCAPP01.FSM.NORTHWESTERN.EDU,VTFSMCNADCAPP01.FSM.NORTHWESTERN.EDU,RED HAT ENTERPRISE LINUX 7 (64-BIT)
VFSMMISAPPS02.FSM.NORTHWESTERN.EDU,VFSMMISAPPS02.FSM.NORTHWESTERN.EDU,
VFSMITMYSQL01.FSM.NORTHWESTERN.EDU,VFSMITMYSQL01.FSM.NORTHWESTERN.EDU,
VTFSMPOPHEALTHDB01,,
VTFSMGHSLREPO01,,
VFSMPREVMEDWEB02.FSM.NORTHWESTERN.EDU,VFSMPREVMEDWEB02.FSM.NORTHWESTERN.EDU,CENTOS 7 (64-BIT)
VFSMCPRR01.FSM.NORTHWESTERN.EDU,,
VWPPRODWEB,,
VFSMTRANSDBPROD.FSM.NORTHWESTERN.EDU,VFSMTRANSDBPROD.FSM.NORTHWESTERN.EDU,MICROSOFT WINDOWS SERVER 2012 (64-BIT)
VTFSMSTDEMO.FSM.NORTHWESTERN.EDU,,
VTFSMBMGJUBX01,VTFSMBMGJUBX01.FSM.NORTHWESTERN.EDU,CENTOS 6 (64-BIT)
VTFSMNUNDADB01.FSM.NORTHWESTERN.EDU,VTFSMNUNDADB01.FSM.NORTHWESTERN.EDU,RED HAT ENTERPRISE LINUX 7 (64-BIT)
VTFSMNUBICAPPS01,,
BIOREPO.FSM.NORTHWESTERN.EDU,FREEZERPRO,UBUNTU LINUX (64-BIT)
VTFSMEDWSSRSINT,VTFSMEDWSSRSINT.FSM.NORTHWESTERN.EDU,
VFSMCDSIAPPS01.FSM.NORTHWESTERN.EDU_RESTORED0308,,
REGISTAR-STAGING2.NUBIC.NORTHWESTERN.EDU,,
VTFSMJSS02,VTFSMJSS02.FSM.NORTHWESTERN.EDU,CENTOS 7 (64-BIT)
VFSMCNADCDB01.FSM.NORTHWESTERN.EDU,VFSMCNADCDB01.FSM.NORTHWESTERN.EDU,RED HAT ENTERPRISE LINUX 7 (64-BIT)
VFSMPHYSDB1,VFSMPHYSDB1.FSM.NORTHWESTERN.EDU,RED HAT ENTERPRISE LINUX 7 (64-BIT)
VFSMSTDB01N1.FSM.NORTHWESTERN.EDU,VFSMSTDB01N1.FSM.NORTHWESTERN.EDU,
VTFSMNICUWEB.FSM.NORTHWESTERN.EDU,VTFSMNICUWEB.FSM.NORTHWESTERN.EDU,CENTOS 7 (64-BIT)
VFSMADSUTIL01.ADS.NORTHWESTERN.EDU,VFSMADSUTIL01.ADS.NORTHWESTERN.EDU,MICROSOFT WINDOWS SERVER 2016 OR LATER (64-BIT)
VFSMFREEZERPRO.FSM.NORTHWESTERN.EDU,FREEZERPRO,UBUNTU LINUX (64-BIT)
CLINICAL-RAILS-STAGING2.NUBIC.NORTHWESTER,,
VFSMCDSIPBDB01.FSM.NORTHWESTERN.EDU,VFSMCDSIPBDB01.FSM.NORTHWESTERN.EDU,RED HAT ENTERPRISE LINUX 7 (64-BIT)
VFSMCDSIOC01,,
VFSMJSS01.FSM.NORTHWESTERN.EDU,,
VTFSMOASIS.FSM.NORTHWESTERN.EDU,,
VFSMNEURODB01,VFSMNEURODB01.FSM.NORTHWESTERN.EDU,MICROSOFT WINDOWS SERVER 2016 OR LATER (64-BIT)
VTFSMDC01,VTFSMDC01.FSMTEST.NORTHWESTERN.EDU,MICROSOFT WINDOWS SERVER 2012 (64-BIT)
VFSMMEDGMDDB01.FSM.NORTHWESTERN.EDU,VFSMMEDGMDDB01.FSM.NORTHWESTERN.EDU,
VFSMPCFMONITOR.FSM.NORTHWESTERN.EDU,VFSMPCFMONITOR.FSM.NORTHWESTERN.EDU,MICROSOFT WINDOWS SERVER 2012 (64-BIT)
VFSMJUPYTER01.FSM.NORTHWESTERN.EDU,VFSMJUPYTER01.FSM.NORTHWESTERN.EDU,RED HAT ENTERPRISE LINUX 7 (64-BIT)
VFSMPMCOUCH01.FSM.NORTHWESTERN.EDU,,
VFSMSURGAPERIO,VFSMSURGAPERIO.FSM.NORTHWESTERN.EDU,MICROSOFT WINDOWS SERVER 2012 (64-BIT)
VFSMDC03,VFSMDC03.FSM.NORTHWESTERN.EDU,MICROSOFT WINDOWS SERVER 2012 (64-BIT)
VFSMNUBICREDIS01.FSM.NORTHWESTERN.EDU,VFSMNUBICREDIS01.FSM.NORTHWESTERN.EDU,CENTOS 7 (64-BIT)
VFSMCBITSAPPS08,,
PRODCOI,PRODCOI.FSM.NORTHWESTERN.EDU,MICROSOFT WINDOWS SERVER 2008 R2 (64-BIT)
VTFSMMISAPPS01.FSM.NORTHWESTERN.EDU,VTFSMMISAPPS01.FSM.NORTHWESTERN.EDU,
MSSSVN.FSM.NORTHWESTERN.EDU,,
VTFSMEDWTABLINT,VTFSMEDWTABLINT.FSM.NORTHWESTERN.EDU,
VMEDIASITEDB01,VMEDIASITEDB01.FSM.NORTHWESTERN.EDU,
VTFSMTESTBOX04,VTFSMTESTBOX04.FSM.NORTHWESTERN.EDU,MICROSOFT WINDOWS SERVER 2016 OR LATER (64-BIT)
VFSMCDSIH3APP01,VFSMCDSIH3APP01.FSM.NORTHWESTERN.EDU,MICROSOFT WINDOWS SERVER 2012 (64-BIT)
VFSMGIHEPAPPS01.FSM.NORTHWESTERN.EDU,VFSMGIHEPAPPS01.FSM.NORTHWESTERN.EDU,RED HAT ENTERPRISE LINUX 7 (64-BIT)
FEINMED2.FSM.NORTHWESTERN.EDU,FEINMED2.FSM.NORTHWESTERN.EDU,
VFSMINFAPPS03,VFSMINFAPPS03.FSM.NORTHWESTERN.EDU,MICROSOFT WINDOWS SERVER 2012 (64-BIT)
VFSMNUBICNOTIS01.FSM.NORTHWESTERN.EDU,VFSMNUBICNOTIS01.FSM.NORTHWESTERN.EDU,CENTOS 4/5 OR LATER (64-BIT)
VFSMNUBICKAYAKODB.FSM.NORTHWESTERN.EDU,VFSMNUBICKAYAKODB.FSM.NORTHWESTERN.EDU,
MSS-WEBSTAGING,MSS-WEBSTAGING.FSM.NORTHWESTERN.EDU,MICROSOFT WINDOWS SERVER 2008 R2 (64-BIT)
VFSMPDSUTIL03,VFSMPDSUTIL03.FSM.NORTHWESTERN.EDU,MICROSOFT WINDOWS SERVER 2012 (64-BIT)
VTFSMTRANSEDW01,,
BIOREPOSITORY.FSM.NORTHWESTERN.EDU (FREEZERPRO V7),FREEZERPRO,UBUNTU LINUX (64-BIT)
DICTY-ORACLE-VM.NUBIC.NORTHWESTERN.EDU,CONVERTER,ORACLE LINUX 4/5 OR LATER (64-BIT)
VMEDIASITEAPP03,VMEDIASITEAPP03.FSM.NORTHWESTERN.EDU,MICROSOFT WINDOWS SERVER 2012 (64-BIT)
VFSMPMAPPS10.FSM.NORTHWESTERN.EDU,,
VTFSMJSS03,VTFSMJSS03.FSM.NORTHWESTERN.EDU,
MSS-DBWIT,,
VFSMCYTOGENOMIC,VFSMCYTOGENOMIC.FSM.NORTHWESTERN.EDU,MICROSOFT WINDOWS SERVER 2012 (64-BIT)
FEINMED4.FSM.NORTHWESTERN.EDU,FEINMED4.FSM.NORTHWESTERN.EDU,
VTFSMMBTIDOCKR1.FSM.NORTHWESTERN.EDU,VTFSMMBTIDOCKR1.FSM.NORTHWESTERN.EDU,RED HAT ENTERPRISE LINUX 7 (64-BIT)
VFSMPOPHEALTH01,,
VTFSMITBRT438W,VTFSMITBRT438W.FSM.NORTHWESTERN.EDU,MICROSOFT WINDOWS SERVER 2016 OR LATER (64-BIT)
VFSMISGMHAPP01.FSM.NORTHWESTERN.EDU,VFSMISGMHAPP01.FSM.NORTHWESTERN.EDU,RED HAT ENTERPRISE LINUX 7 (64-BIT)
VTFSMJSS01.FSM.NORTHWESTERN.EDU,,RED HAT ENTERPRISE LINUX 6 (64-BIT)
VTFSMGHSLEZPROXY01,,
VFSMMSSPHP02,VFSMMSSPHP02.FSM.NORTHWESTERN.EDU,MICROSOFT WINDOWS SERVER 2012 (64-BIT)
VTGHSLSYMDB01,VTGHSLSYMDB01.FSM.NORTHWESTERN.EDU,
VFSMPREVMEDDB01.FSM.NORTHWESTERN.EDU,VFSMPREVMEDDB01.FSM.NORTHWESTERN.EDU,RED HAT ENTERPRISE LINUX 7 (64-BIT)
VTFSMMBTIDB01,VTFSMMBTIDB01.FSM.NORTHWESTERN.EDU,RED HAT ENTERPRISE LINUX 7 (64-BIT)
WIKIFARM.NUBIC.NORTHWESTERN.EDU,,
VTFSMNUBICDRUPAL01.FSM.NORTHWESTERN.EDU_R,,
MSSDBPROD.FSM.NORTHWESTERN.EDU,,
MSSWEBDEPT.FSM.NORTHWESTERN.EDU,MSSWEBDEPT.FSM.NORTHWESTERN.EDU,MICROSOFT WINDOWS SERVER 2008 R2 (64-BIT)
VWPPRODDB,,
VFSMWEBPAX01,VFSMWEBPAX01.FSM.NORTHWESTERN.EDU,RED HAT ENTERPRISE LINUX 7 (64-BIT)
VFSMI2B2DB01.FSM.NORTHWESTERN.EDU,VFSMI2B2DB01.FSM.NORTHWESTERN.EDU,
VTFSMDOCKERDB01.FSM.NORTHWESTERN.EDU,VTFSMDOCKERDB01.FSM.NORTHWESTERN.EDU,MICROSOFT WINDOWS SERVER 2012 (64-BIT)
VTFSMPMNODEDB02,VTFSMPMNODEDB02.FSM.NORTHWESTERN.EDU,RED HAT ENTERPRISE LINUX 7 (64-BIT)
VFSMSECUREWEB.FSM.NORTHWESTERN.EDU,VFSMSECUREWEB.FSM.NORTHWESTERN.EDU,MICROSOFT WINDOWS SERVER 2012 (64-BIT)
VFSMDOCKER01,VFSMDOCKER01.FSM.NORTHWESTERN.EDU,CENTOS 6 (64-BIT)
VFSMGIMUMEDIC01.FSM.NORTHWESTERN.EDU,VFSMGIMUMEDIC01.FSM.NORTHWESTERN.EDU,
REGISTAR-PROD.NUBIC.NORTHWESTERN.EDU,,
VTFSMITAPPS01.FSM.NORTHWESTERN.EDU,,
VFSMMSSMYSQL01,VFSMMSSMYSQL01.FSM.NORTHWESTERN.EDU,MICROSOFT WINDOWS SERVER 2012 (64-BIT)
VFSMMAGNETAPP01,VFSMMAGNETAPP01.FSM.NORTHWESTERN.EDU,RED HAT ENTERPRISE LINUX 7 (64-BIT)
VFSMPROXY01,,
VFSMJSS02,VFSMJSS02.FSM.NORTHWESTERN.EDU,
VFSMWPWEB01.FSM.NORTHWESTERN.EDU,VFSMWPWEB01.FSM.NORTHWESTERN.EDU,
VFSMEDWTUNNEL,,
VERITAS,,
VFSMPSYCCJCCAPP,VFSMPSYCCJCCAPP.FSM.NORTHWESTERN.EDU,MICROSOFT WINDOWS SERVER 2012 (64-BIT)
VFSMFOCUSAPP1,VFSMFOCUSAPP1.FSM.NORTHWESTERN.EDU,
VFSMMSSPHP01,VFSMMSSPHP01.FSM.NORTHWESTERN.EDU,MICROSOFT WINDOWS SERVER 2012 (64-BIT)
VFSMDOCKERDB02.FSM.NORTHWESTERN.EDU,VFSMDOCKERDB02.FSM.NORTHWESTERN.EDU,MICROSOFT WINDOWS SERVER 2012 (64-BIT)
VTFSMSTSAPP01.FSM.NORTHWESTERN.EDU,VTFSMSTSAPP01.FSM.NORTHWESTERN.EDU,
VTFSMDFS,VTFSMDFS.FSM.NORTHWESTERN.EDU,
VTFSMCARDIAREDCAPDB,,
VTFSMGHSLDB01,,
VFSMLURIEWEB,VFSMLURIEWEB.FSM.NORTHWESTERN.EDU,
VFSMNIACALAPP01.FSM.NORTHWESTERN.EDU,VFSMNIACALAPP01.FSM.NORTHWESTERN.EDU,RED HAT ENTERPRISE LINUX 7 (64-BIT)
VFSMI2B2APP02.FSM.NORTHWESTERN.EDU,VFSMI2B2APP02.FSM.NORTHWESTERN.EDU,CENTOS 4/5 OR LATER (64-BIT)
VFSMSHRINE02,VFSMSHRINE02.FSM.NORTHWESTERN.EDU,CENTOS 4/5 OR LATER (64-BIT)
VTFSMMSSWEBTST1,VTFSMMSSWEBTST1.FSM.NORTHWESTERN.EDU,
VFSMCBITSWEB.FSM.NORTHWESTERN.EDU,VFSMCBITSWEB.FSM.NORTHWESTERN.EDU,MICROSOFT WINDOWS SERVER 2012 (64-BIT)
VFSMMSSDBPRD2,VFSMMSSDBPRD2.FSM.NORTHWESTERN.EDU,
VTFSMRSHINY01.FSM.NORTHWESTERN.EDU,VTFSMRSHINY01.FSM.NORTHWESTERN.EDU,
VWPDEVDB,,
VTFSMSHRINE02,VTFSMSHRINE02.FSM.NORTHWESTERN.EDU,CENTOS 7 (64-BIT)
VFSMSURGDB02,VFSMSURGDB02.FSM.NORTHWESTERN.EDU,MICROSOFT WINDOWS SERVER 2012 (64-BIT)
VFSMMSSDBRPT1,VFSMMSSDBRPT1.FSM.NORTHWESTERN.EDU,
VTIMSAPP02,VTIMSAPP02.FSM.NORTHWESTERN.EDU,MICROSOFT WINDOWS SERVER 2012 (64-BIT)
VFSMCHIPSAS01.FSM.NORTHWESTERN.EDU,VFSMCHIPSAS01.FSM.NORTHWESTERN.EDU,
VFSMINFAPPS01,VFSMINFAPPS01.FSM.NORTHWESTERN.EDU,MICROSOFT WINDOWS SERVER 2012 (64-BIT)
VTFSMNUBICREDCAP.FSM.NORTHWESTERN.EDU,VTFSMNUBICREDCAP.FSM.NORTHWESTERN.EDU,CENTOS 7 (64-BIT)
VTFSMNUBICREDCAPDB.FSM.NORTHWESTERN.EDU,VTFSMNUBICREDCAPDB.FSM.NORTHWESTERN.EDU,CENTOS 7 (64-BIT)
VFSMPROGENY03,VFSMPROGENY03.FSM.NORTHWESTERN.EDU,MICROSOFT WINDOWS SERVER 2012 (64-BIT)
CAS.NUBIC.NORTHWESTERN.EDU,,
VFSMOEMDBMON01.FSM.NORTHWESTERN.EDU,VFSMOEMDBMON01.FSM.NORTHWESTERN.EDU,ORACLE LINUX 7 (64-BIT)
VTFSMFOCUSWEB1,VTFSMFOCUSWEB1.FSM.NORTHWESTERN.EDU,
VFSMDOCKER03,VFSMDOCKER03.FSM.NORTHWESTERN.EDU,RED HAT ENTERPRISE LINUX 7 (64-BIT)
VFSMMSSSVN,VFSMMSSSVN.FSM.NORTHWESTERN.EDU,
VFSMCDSIPBAPP01.FSM.NORTHWESTERN.EDU,VFSMCDSIPBAPP01.FSM.NORTHWESTERN.EDU,RED HAT ENTERPRISE LINUX 7 (64-BIT)
VFSMISGMHAPP02.FSM.NORTHWESTERN.EDU,VFSMISGMHAPP02.FSM.NORTHWESTERN.EDU,RED HAT ENTERPRISE LINUX 7 (64-BIT)
VTFSMCMRCLIENT,,
JARVIS.FSM.NORTHWESTERN.EDU,JARVIS,
VFSMCDSIMC01,VFSMCDSIMC01.FSM.NORTHWESTERN.EDU,
VFSMCDSIAPPS01.FSM.NORTHWESTERN.EDU_RESTORED0309,,
WIN2019-MODEL-FSM,,
VFSMBESPRI01,VFSMBESPRI01.FSM.NORTHWESTERN.EDU,MICROSOFT WINDOWS SERVER 2012 (64-BIT)
WIN2016-MODEL-FSM,WIN-JDRNAD61U25,
VTFSMSANDBOXW2,VTFSMSANDBOXW2.FSM.NORTHWESTERN.EDU,MICROSOFT WINDOWS SERVER 2012 (64-BIT)
WIN2016-SQL2014-MSS-MODEL,WIN2016-SQL2014,
VFSMDBISAS01.FSM.NORTHWESTERN.EDU,VFSMDBISAS01.FSM.NORTHWESTERN.EDU,
VFSMPMAPPS09.FSM.NORTHWESTERN.EDU,VFSMPMAPPS09.FSM.NORTHWESTERN.EDU,
VFSMSECURECLOUD,VFSMSECURECLOUD.FSM.NORTHWESTERN.EDU,MICROSOFT WINDOWS SERVER 2012 (64-BIT)
VFSMSECAPPS.FSM.NORTHWESTERN.EDU,VFSMSECAPPS.FSM.NORTHWESTERN.EDU,
VFSMNUBICDB02.FSM.NORTHWESTERN.EDU,,
VTFSMNICUAPP.FSM.NORTHWESTERN.EDU,VTFSMNICUAPP.FSM.NORTHWESTERN.EDU,
NUCMRXP.FSM.NORTHWESTERN.EDU,,
VFSMAUTOSCRIPTS,VFSMAUTOSCRIPTS.FSM.NORTHWESTERN.EDU,MICROSOFT WINDOWS SERVER 2012 (64-BIT)
VFSMCDSIH3DB01,VFSMCDSIH3DB01.FSM.NORTHWESTERN.EDU,MICROSOFT WINDOWS SERVER 2012 (64-BIT)
VTFSMNUBICREDIS01.FSM.NORTHWESTERN.EDU,VTFSMNUBICREDIS01.FSM.NORTHWESTERN.EDU,CENTOS 7 (64-BIT)
INVICTUS,INVICTUS.FSM.NORTHWESTERN.EDU,MICROSOFT WINDOWS SERVER 2008 R2 (64-BIT)
VFSMMISDB01,VFSMMISDB01.FSM.NORTHWESTERN.EDU,MICROSOFT WINDOWS SERVER 2012 (64-BIT)
VFSMPMNODE01N.FSM.NORTHWESTERN.EDU,VFSMPMNODE01N.FSM.NORTHWESTERN.EDU,
CLINICAL-RAILS-STG.FSM.NORTHWESTERN.EDU,,
VFSMPSYWEB01,VFSMPSYWEB01.FSM.NORTHWESTERN.EDU,MICROSOFT WINDOWS SERVER 2012 (64-BIT)
VFSMSTATTAG,,
VFSMCARDIAREDCAP,,
VMEDIASITESTR01,VMEDIASITESTR01.FSM.NORTHWESTERN.EDU,MICROSOFT WINDOWS SERVER 2012 (64-BIT)
VFSMNEPHNLP01,VFSMNEPHNLP01.FSM.NORTHWESTERN.EDU,
VFSMGALAXY,VFSMGALAXY.FSM.NORTHWESTERN.EDU,MICROSOFT WINDOWS SERVER 2012 (64-BIT)
VFSMCBITSDB10,,
CLINICAL-RAILS-PROD2.NUBIC.NORTHWESTERN.EDU,,
RAILS-STAGING2.NUBIC.NORTHWESTERN.EDU,,RED HAT ENTERPRISE LINUX 5 (64-BIT)
VFSMPSYDB01.FSM.NORTHWESTERN.EDU,VFSMPSYDB01.FSM.NORTHWESTERN.EDU,
VTFSMITDB01.FSM.NORTHWESTERN.EDU,,
ADMIN2.NUBIC.NORTHWESTERN.EDU,,
VFSMNUBICAPPS01,,
VFSMMSSBULLETIN,VFSMMSSBULLETIN.FSM.NORTHWESTERN.EDU,
VFSMPMRSTR01,VFSMPMRSTR01.FSM.NORTHWESTERN.EDU,MICROSOFT WINDOWS SERVER 2012 (64-BIT)
VFSMRHLCCCR01.FSM.NORTHWESTERN.EDU,VFSMRHLCCCR01.FSM.NORTHWESTERN.EDU,RED HAT ENTERPRISE LINUX 7 (64-BIT)
VFSMMSSPHP03,VFSMMSSPHP03.FSM.NORTHWESTERN.EDU,MICROSOFT WINDOWS SERVER 2012 (64-BIT)
VFSMCBITSAPPS14,,
VFSMCDSIAPPS03.FSM.NORTHWESTERN.EDU,VFSMCDSIAPPS03.FSM.NORTHWESTERN.EDU,
VFSMGHSLDB01,,
VFSMPREVMEDNIA,VFSMPREVMEDNIA.FSM.NORTHWESTERN.EDU,MICROSOFT WINDOWS SERVER 2012 (64-BIT)
VTFSMISGMHAPP01.FSM.NORTHWESTERN.EDU,VTFSMISGMHAPP01.FSM.NORTHWESTERN.EDU,CENTOS 7 (64-BIT)
PPROD2.FSM.NORTHWESTERN.EDU,,
VFSMIPHAMAPPS01,VFSMIPHAMAPPS01.FSM.NORTHWESTERN.EDU,
VFSMMSSSQL01,VFSMMSSSQL01.FSM.NORTHWESTERN.EDU,MICROSOFT WINDOWS SERVER 2012 (64-BIT)
VTFSMMSSDBSTG1,VTFSMMSSDBSTG1.FSM.NORTHWESTERN.EDU,
VFSMCDSIP103DB01.FSM.NORTHWESTERN.EDU,VFSMCDSIP103DB01.FSM.NORTHWESTERN.EDU,
VTFSMTESTBOX01,,
VFSMGHSLDASH01,,
VFSMMBTIDOCKR1,VFSMMBTIDOCKR1.FSM.NORTHWESTERN.EDU,RED HAT ENTERPRISE LINUX 7 (64-BIT)
VTFSMISGMHP96DB01.FSM.NORTHWESTERN.EDU,VTFSMISGMHP96DB01.FSM.NORTHWESTERN.EDU,CENTOS 7 (64-BIT)
VFSMORADB03.FSM.NORTHWESTERN.EDU,VFSMORADB03.FSM.NORTHWESTERN.EDU,ORACLE LINUX 7 (64-BIT)
VFSMSMARTVUECLI,VFSMSMARTVUECLI.FSM.NORTHWESTERN.EDU,MICROSOFT WINDOWS SERVER 2016 OR LATER (64-BIT)
VFSMSQGMPMONSYS,VFSMSQGMPMONSYS.FSM.NORTHWESTERN.EDU,MICROSOFT WINDOWS SERVER 2016 OR LATER (64-BIT)
VFSMNIACALAPP03.FSM.NORTHWESTERN.EDU,VFSMNIACALAPP03.FSM.NORTHWESTERN.EDU,
VTGHSLSYMAPP01,VTGHSLSYMAPP01.FSM.NORTHWESTERN.EDU,MICROSOFT WINDOWS SERVER 2012 (64-BIT)
VFSMANESTEGAPP1,VFSMANESTEGAPP1.FSM.NORTHWESTERN.EDU,
VFSMSURGDB04.FSM.NORTHWESTERN.EDU,VFSMSURGDB04.FSM.NORTHWESTERN.EDU,
VFSMORADB01,VFSMORADB01.FSM.NORTHWESTERN.EDU,ORACLE LINUX 7 (64-BIT)
VFSMFISMAREDIS01,VFSMFISMAREDIS01.FSM.NORTHWESTERN.EDU,CENTOS 7 (64-BIT)
VFSMOASIS.FSM.NORTHWESTERN.EDU,,
VFSMMODERN01,VFSMMODERN01.FSM.NORTHWESTERN.EDU,
VFSMPMAPPS04.FSM.NORTHWESTERN.EDU,,
VFSMCBITSDB03,,CENTOS 4/5 OR LATER (64-BIT)
VTFSMONCOSET01.FSM.NORTHWESTERN.EDU,VTFSMONCOSET01.FSM.NORTHWESTERN.EDU,RED HAT ENTERPRISE LINUX 7 (64-BIT)
VFSMPMAPPS02.FSM.NORTHWESTERN.EDU,,
VFSMNUBICKAYAKO01.FSM.NORTHWESTERN.EDU,VFSMNUBICKAYAKO01.FSM.NORTHWESTERN.EDU,CENTOS 6 (64-BIT)
VFSMGHSLAPPS03,VFSMGHSLAPPS03.FSM.NORTHWESTERN.EDU,CENTOS 7 (64-BIT)
VFSMCAPRICORNDB,VFSMCAPRICORNDB.FSM.NORTHWESTERN.EDU,
VFSMSURGDB01.FSM.NORTHWESTERN.EDU,VFSMSURGDB01.FSM.NORTHWESTERN.EDU,
VFSMSURGTRANSDB01,VFSMSURGTRANSDB01.FSM.NORTHWESTERN.EDU,RED HAT ENTERPRISE LINUX 7 (64-BIT)
MSSWEBPROD.FSM.NORTHWESTERN.EDU,MSSWEBPROD.FSM.NORTHWESTERN.EDU,
ADMIN2-STAGING.NUBIC.NORTHWESTERN.EDU,,
VFSMMBTIDB01,VFSMMBTIDB01.FSM.NORTHWESTERN.EDU,RED HAT ENTERPRISE LINUX 7 (64-BIT)
MSS-DBSTAGING,MSS-DBSTAGING.FSM.NORTHWESTERN.EDU,
VFSMNICUWEB.FSM.NORTHWESTERN.EDU,VFSMNICUWEB.FSM.NORTHWESTERN.EDU,RED HAT ENTERPRISE LINUX 7 (64-BIT)
VTFSMRHLCCCR01.FSM.NORTHWESTERN.EDU,VTFSMRHLCCCR01.FSM.NORTHWESTERN.EDU,RED HAT ENTERPRISE LINUX 7 (64-BIT)
VTFSMSEPDB,VTFSMSEPDB.FSM.NORTHWESTERN.EDU,MICROSOFT WINDOWS SERVER 2012 (64-BIT)
VFSMPMAPPS03.FSM.NORTHWESTERN.EDU,,
DICTY-BLAST.DICTYBASE.ORG,CONVERTER,UBUNTU LINUX (32-BIT)
VTFSMORADB02,VTFSMORADB02.FSM.NORTHWESTERN.EDU,ORACLE LINUX 7 (64-BIT)
VFSMONCOSETFTP.FSM.NORTHWESTERN.EDU,VFSMONCOSETFTP.FSM.NORTHWESTERN.EDU,RED HAT ENTERPRISE LINUX 7 (64-BIT)
VTFSMTESTBOX03,VTFSMTESTBOX03.FSM.NORTHWESTERN.EDU,MICROSOFT WINDOWS SERVER 2008 R2 (64-BIT)
VTFSMGHSLAPPS02,,
VTFSMNUGENEDB01,,
VFSMPREVMEDTIME,VFSMPREVMEDTIME.FSM.NORTHWESTERN.EDU,MICROSOFT WINDOWS SERVER 2012 (64-BIT)
VFSMSURGAPPS01.FSM.NORTHWESTERN.EDU,VFSMSURGAPPS01.FSM.NORTHWESTERN.EDU,MICROSOFT WINDOWS SERVER 2012 (64-BIT)
VFSMISGMHP96DB02.FSM.NORTHWESTERN.EDU,VFSMISGMHP96DB02.FSM.NORTHWESTERN.EDU,
VFSMCDSIDB03.FSM.NORTHWESTERN.EDU,VFSMCDSIDB03.FSM.NORTHWESTERN.EDU,CENTOS 6 (64-BIT)
MSS-DB1,,
ADMIN.NUBIC.NORTHWESTERN.EDU,CONVERTER,RED HAT ENTERPRISE LINUX 5 (64-BIT)
VFSMPROGENY02,VFSMPROGENY02.FSM.NORTHWESTERN.EDU,MICROSOFT WINDOWS SERVER 2012 (64-BIT)
GENOMES2.DICTYBASE.ORG,,
VFSMMILLERDB.FSM.NORTHWESTERN.EDU,,
VTFSMFCVRIWEB01.FSM.NORTHWESTERN.EDU,VTFSMFCVRIWEB01.FSM.NORTHWESTERN.EDU,ORACLE LINUX 7 (64-BIT)
VTFSMSTDB01N1.FSM.NORTHWESTERN.EDU,VTFSMSTDB01N1.FSM.NORTHWESTERN.EDU,RED HAT ENTERPRISE LINUX 7 (64-BIT)
DICTYBASE.ORG,,
VFSMCFOMEROAPP,,
VFSMMSSWEB02,VFSMMSSWEB02.FSM.NORTHWESTERN.EDU,MICROSOFT WINDOWS SERVER 2012 (64-BIT)
VFSMPHYSIOJMC.FSM.NORTHWESTERN.EDU,VFSMPHYSIOJMC.FSM.NORTHWESTERN.EDU,MICROSOFT WINDOWS SERVER 2012 (64-BIT)
VFSMWEB01.FSM.NORTHWESTERN.EDU,VFSMWEB01.FSM.NORTHWESTERN.EDU,MICROSOFT WINDOWS SERVER 2016 OR LATER (64-BIT)
VFSMNIACALAPP02.FSM.NORTHWESTERN.EDU,VFSMNIACALAPP02.FSM.NORTHWESTERN.EDU,RED HAT ENTERPRISE LINUX 7 (64-BIT)
VFSMPTHMSCAL,VFSMPTHMSCAL.FSM.NORTHWESTERN.EDU,MICROSOFT WINDOWS SERVER 2012 (64-BIT)
VFSMCFOMERODB,,
VFSMSURGDBMGMT.FSM.NORTHWESTERN.EDU,VFSMSURGDBMGMT.FSM.NORTHWESTERN.EDU,MICROSOFT WINDOWS SERVER 2012 (64-BIT)
VTFSMGHSLAPPS01,,
VFSMMSSFTP01,VFSMMSSFTP01.FSM.NORTHWESTERN.EDU,MICROSOFT WINDOWS SERVER 2012 (64-BIT)
VFSMFCVRIWEB01,VFSMFCVRIWEB01.FSM.NORTHWESTERN.EDU,ORACLE LINUX 7 (64-BIT)
VFSMCBITSAPPS10,,
NOTIS-STAGING.FSM.NORTHWESTERN.EDU,,RED HAT ENTERPRISE LINUX 5 (64-BIT)
VTFSMMBTIAPPS01.FSM.NORTHWESTERN.EDU,VTFSMMBTIAPPS01.FSM.NORTHWESTERN.EDU,RED HAT ENTERPRISE LINUX 7 (64-BIT)
RAILS-PROD.BIOINFORMATICS.NORTHWESTERN.EDU,CONVERTER,RED HAT ENTERPRISE LINUX 4 (32-BIT)
VFSMNICUDB.FSM.NORTHWESTERN.EDU,VFSMNICUDB.FSM.NORTHWESTERN.EDU,
VTFSMCNADCDB01.FSM.NORTHWESTERN.EDU,VTFSMCNADCDB01.FSM.NORTHWESTERN.EDU,RED HAT ENTERPRISE LINUX 7 (64-BIT)
DB-PROD.DICTYBASE.ORG,CONVERTER,RED HAT ENTERPRISE LINUX 6 (64-BIT)
VTFSMPOPHEALTH01,,
VFSMSURGTRANSAPP01,VFSMSURGTRANSAPP01.FSM.NORTHWESTERN.EDU,RED HAT ENTERPRISE LINUX 7 (64-BIT)
VFSMRADONCAPPS01.FSM.NORTHWESTERN.EDU,VFSMRADONCAPPS01.FSM.NORTHWESTERN.EDU,
VFSMCHESMAINDB01.FSM.NORTHWESTERN.EDU,VFSMCHESMAINDB01.FSM.NORTHWESTERN.EDU,CENTOS 6 (64-BIT)
VFSMRHLCCDB01.FSM.NORTHWESTERN.EDU,VFSMRHLCCDB01.FSM.NORTHWESTERN.EDU,
VTFSMMHSPPSQL,VTFSMMHSPPSQL.FSM.NORTHWESTERN.EDU,MICROSOFT WINDOWS SERVER 2012 (64-BIT)
VFSMCRUAPPS02,,RED HAT ENTERPRISE LINUX 7 (64-BIT)
VFSMOPENINFO01,,
VFSMDICTYWIKI,,RED HAT ENTERPRISE LINUX 5 (64-BIT)
VTFSMNUNDAAPP01.FSM.NORTHWESTERN.EDU,VTFSMNUNDAAPP01.FSM.NORTHWESTERN.EDU,RED HAT ENTERPRISE LINUX 7 (64-BIT)
VTFSMSEPGUP,VTFSMSEPGUP.FSM.NORTHWESTERN.EDU,MICROSOFT WINDOWS SERVER 2012 (64-BIT)
VTFSMPMNODE02,VTFSMPMNODE02.FSM.NORTHWESTERN.EDU,RED HAT ENTERPRISE LINUX 7 (64-BIT)
VFSMPUPPET01.FSM.NORTHWESTERN.EDU,,
VTFSMMSSPHP01,VTFSMMSSPHP01.FSM.NORTHWESTERN.EDU,MICROSOFT WINDOWS SERVER 2012 (64-BIT)
REPO.NUBIC.NORTHWESTERN.EDU,,
VFSMPMNODE02,VFSMPMNODE02.FSM.NORTHWESTERN.EDU,RED HAT ENTERPRISE LINUX 7 (64-BIT)
VTFSMNUBICDB02.FSM.NORTHWESTERN.EDU_RESTO,,
VFSMNETTOOLS01,,
GBROWSE.DICTYBASE.ORG,,
VFSMNUBICREDCAPDB.FSM.NORTHWESTERN.EDU,VFSMNUBICREDCAPDB.FSM.NORTHWESTERN.EDU,
VFSMITPGSQL01.FSM.NORTHWESTERN.EDU,VFSMITPGSQL01.FSM.NORTHWESTERN.EDU,
VFSMDOCKERDB01.FSM.NORTHWESTERN.EDU,VFSMDOCKERDB01.FSM.NORTHWESTERN.EDU,MICROSOFT WINDOWS SERVER 2012 (64-BIT)
VTFSMEAGLEI01.FSM.NORTHWESTERN.EDU,VTFSMEAGLEI01.FSM.NORTHWESTERN.EDU,RED HAT ENTERPRISE LINUX 7 (64-BIT)
VFSMMSSREDCAP01,VFSMMSSREDCAP01.FSM.NORTHWESTERN.EDU,MICROSOFT WINDOWS SERVER 2012 (64-BIT)
VFSMFISMANOTISDB,,
VTFSMCDSIDB03.FSM.NORTHWESTERN.EDU,VTFSMCDSIDB03.FSM.NORTHWESTERN.EDU,CENTOS 7 (64-BIT)
ZIMBRA2.NUBIC.NORTHWESTERN.EDU,,
VTFSMDOCKER01,VTFSMDOCKER01.FSM.NORTHWESTERN.EDU,CENTOS 7 (64-BIT)
VFSMPRINT02,VFSMPRINT02.FSM.NORTHWESTERN.EDU,MICROSOFT WINDOWS SERVER 2012 (64-BIT)
VFSMFOCUSWEB1,VFSMFOCUSWEB1.FSM.NORTHWESTERN.EDU,
VTFSMNUBICDB01,,
VTFSMSURGDB01.FSM.NORTHWESTERN.EDU,VTFSMSURGDB01.FSM.NORTHWESTERN.EDU,MICROSOFT WINDOWS SERVER 2012 (64-BIT)
VFSMMISCF01,VFSMMISCF01.FSM.NORTHWESTERN.EDU,
VFSMSURGHLA.FSM.NORTHWESTERN.EDU,VFSMSURGHLA.FSM.NORTHWESTERN.EDU,MICROSOFT WINDOWS SERVER 2012 (64-BIT)
VFSMNUBICSENTRY01.FSM.NORTHWESTERN.EDU,VFSMNUBICSENTRY01.FSM.NORTHWESTERN.EDU,CENTOS 4/5 OR LATER (64-BIT)
VTFSMSURGAPPS01.FSM.NORTHWESTERN.EDU,VTFSMSURGAPPS01.FSM.NORTHWESTERN.EDU,MICROSOFT WINDOWS SERVER 2012 (64-BIT)
VFSMPMAPPS07,,
VTFSMNUBICJIRA02.FSM.NORTHWESTERN.EDU,,
NOTIS.FSM.NORTHWESTERN.EDU,,
VGHSLSYMAPP01,VGHSLSYMAPP01.FSM.NORTHWESTERN.EDU,MICROSOFT WINDOWS SERVER 2012 (64-BIT)
VFSMNUBICDB03.FSM.NORTHWESTERN.EDU,VFSMNUBICDB03.FSM.NORTHWESTERN.EDU,CENTOS 4/5 OR LATER (64-BIT)
VTFSMITSQLTEST1,VTFSMITSQLTEST1.FSM.NORTHWESTERN.EDU,
VTFSMPMNODE01.FSM.NORTHWESTERN.EDU,VTFSMPMNODE01.FSM.NORTHWESTERN.EDU,RED HAT ENTERPRISE LINUX 7 (64-BIT)
VFSMPROGENY.FSM.NORTHWESTERN.EDU,VFSMPROGENY.FSM.NORTHWESTERN.EDU,MICROSOFT WINDOWS SERVER 2012 (64-BIT)
VTFSMITSJE834W,VTFSMITSJE834W.FSM.NORTHWESTERN.EDU,MICROSOFT WINDOWS SERVER 2012 (64-BIT)
VFSMFMPAPPS01.FSM.NORTHWESTERN.EDU,VFSMFMPAPPS01.FSM.NORTHWESTERN.EDU,
VFSMNEPHDB01.FSM.NORTHWESTERN.EDU,VFSMNEPHDB01.FSM.NORTHWESTERN.EDU,MICROSOFT WINDOWS SERVER 2016 OR LATER (64-BIT)
VFSMOMOP01.FSM.NORTHWESTERN.EDU,VFSMOMOP01.FSM.NORTHWESTERN.EDU,RED HAT ENTERPRISE LINUX 7 (64-BIT)
VFSMMEDGMDAPP01.FSM.NORTHWESTERN.EDU,VFSMMEDGMDAPP01.FSM.NORTHWESTERN.EDU,RED HAT ENTERPRISE LINUX 7 (64-BIT)
VFSMCBITSDB05,,
VTFSMWEB01.FSM.NORTHWESTERN.EDU,VTFSMWEB01.FSM.NORTHWESTERN.EDU,MICROSOFT WINDOWS SERVER 2016 OR LATER (64-BIT)
VTFSMMSSDBTST1,VTFSMMSSDBTST1.FSM.NORTHWESTERN.EDU,
VFSMPDSUTIL01,VFSMPDSUTIL01.FSM.NORTHWESTERN.EDU,
VTFSMORADB01,VTFSMORADB01.FSM.NORTHWESTERN.EDU,ORACLE LINUX 7 (64-BIT)
WIN2019-TEMPLATE-FSM,,MICROSOFT WINDOWS SERVER 2016 OR LATER (64-BIT)
WIN2016-SQL2014-MSS-TEMPLATE,,MICROSOFT WINDOWS SERVER 2016 OR LATER (64-BIT)
WIN2016-TEMPLATE-FSM,,MICROSOFT WINDOWS SERVER 2016 OR LATER (64-BIT)
WIN2016-TEMPLATE,WIN-JUV2UTGMBTD,MICROSOFT WINDOWS SERVER 2016 OR LATER (64-BIT)
RHEL7-TEMPLATE,,RED HAT ENTERPRISE LINUX 7 (64-BIT)
WIN2019-TEMPLATE,WIN2019-TEMPLATE.SOC.NORTHWESTERN.EDU,MICROSOFT WINDOWS SERVER 2016 OR LATER (64-BIT)
WIN2K12-R2_STD,WIN2K12-R2-STD,MICROSOFT WINDOWS SERVER 2012 (64-BIT)
RHEL7U1_64BIT_VSPHERE,RHEL71TEMPLATE.CI.NORTHWESTERN.EDU,CENTOS 4/5 OR LATER (64-BIT)
RHEL7U0_64BIT_VSPHERE,RHEL7U0.CI.NORTHWESTERN.EDU,CENTOS 4/5 OR LATER (64-BIT)
RHEL71ORA12CDB,RHEL74ORA12CDB,CENTOS 4/5 OR LATER (64-BIT)
WIN2K16-GUI,WIN-7AH3OM0HH52,MICROSOFT WINDOWS SERVER 2016 OR LATER (64-BIT)
VSRX,,OTHER (32-BIT)
WINDOWS SERVER 2012,,MICROSOFT WINDOWS SERVER 2012 (64-BIT)
SAF-WS16DDTPLC,,MICROSOFT WINDOWS SERVER 2016 OR LATER (64-BIT)
SAF-WS16DDTPLB,,MICROSOFT WINDOWS SERVER 2016 OR LATER (64-BIT)
SAF-RHEL76TPLB,,RED HAT ENTERPRISE LINUX 7 (64-BIT)
RHEL8-TEMPLATE,,RED HAT ENTERPRISE LINUX 8 (64-BIT)
WINDOWS SERVER 2019 STANDARD DESKTOP V2019-06,UNIVERS-7VNVME5.LIBRARY.NORTHWESTERN.EDU,MICROSOFT WINDOWS SERVER 2016 OR LATER (64-BIT)
WINDOWS SERVER 2016 STANDARD CORE V2018-07 V2,UNIVERS-2478DNP.LIBRARY.NORTHWESTERN.EDU,MICROSOFT WINDOWS SERVER 2016 OR LATER (64-BIT)
WINDOWS SERVER 2019 STANDARD CORE V2019-06,UNIVERS-32MIML1.LIBRARY.NORTHWESTERN.EDU,MICROSOFT WINDOWS SERVER 2016 OR LATER (64-BIT)
WINDOWS SERVER 2016 STANDARD DESKTOP V2018-07 V2,UNIVERS-CKMK699.LIBRARY.NORTHWESTERN.EDU,MICROSOFT WINDOWS SERVER 2016 OR LATER (64-BIT)
WEB-PHP01-PRD (8E0107A2-ACA9-410B-86E0-AC51EDFE151C),,RED HAT ENTERPRISE LINUX 6 (64-BIT)
WINDOWS2K12 TEMPLATE,,MICROSOFT WINDOWS SERVER 2012 (64-BIT)
W2K12 TEMPLATE,,MICROSOFT WINDOWS SERVER 2012 (64-BIT)
WINDOWS 2016,,MICROSOFT WINDOWS SERVER 2012 (64-BIT)
21091127_W2K16_FS,,MICROSOFT WINDOWS SERVER 2016 OR LATER (64-BIT)
20191126_W2K16,,MICROSOFT WINDOWS SERVER 2016 OR LATER (64-BIT)
RHEL8,,RED HAT ENTERPRISE LINUX 8 (64-BIT)
RHEL7,,RED HAT ENTERPRISE LINUX 7 (64-BIT)
WINDOWS SERVER 2019,,MICROSOFT WINDOWS SERVER 2016 OR LATER (64-BIT)
RHEL6,,RED HAT ENTERPRISE LINUX 6 (64-BIT)
